rebalance_date,symbol,weight
2016-06-24,ESCORTS,0.1
2016-06-24,IGL,0.1
2016-06-24,FIVESTAR,0.1
2016-06-24,ELGIEQUIP,0.1
2016-06-24,ULTRACEMCO,0.1
2016-06-24,ALOKINDS,0.1
2016-06-24,POLYCAB,0.1
2016-06-24,JIOFIN,0.1
2016-06-24,INDIANB,0.1
2016-06-24,APLAPOLLO,0.1
2016-07-01,ULTRACEMCO,0.1
2016-07-01,NAVINFLUOR,0.1
2016-07-01,IGL,0.1
2016-07-01,ECLERX,0.1
2016-07-01,AEGISLOG,0.1
2016-07-01,AGARWALEYE,0.1
2016-07-01,SONACOMS,0.1
2016-07-01,MCX,0.1
2016-07-01,CUMMINSIND,0.1
2016-07-01,ALOKINDS,0.1
2016-07-08,EXIDEIND,0.1
2016-07-08,IGL,0.1
2016-07-08,IEX,0.1
2016-07-08,NAVINFLUOR,0.1
2016-07-08,GRANULES,0.1
2016-07-08,HONAUT,0.1
2016-07-08,ESCORTS,0.1
2016-07-08,SONACOMS,0.1
2016-07-08,ECLERX,0.1
2016-07-08,AGARWALEYE,0.1
2016-07-15,FIVESTAR,0.1
2016-07-15,ESCORTS,0.1
2016-07-15,GRANULES,0.1
2016-07-15,MCX,0.1
2016-07-15,GUJGASLTD,0.1
2016-07-15,ULTRACEMCO,0.1
2016-07-15,KIRLOSENG,0.1
2016-07-15,WAAREEENER,0.1
2016-07-15,AGARWALEYE,0.1
2016-07-15,IEX,0.1
2016-07-22,ULTRACEMCO,0.1
2016-07-22,GRANULES,0.1
2016-07-22,FIVESTAR,0.1
2016-07-22,MCX,0.1
2016-07-22,KIRLOSENG,0.1
2016-07-22,MSUMI,0.1
2016-07-22,ALOKINDS,0.1
2016-07-22,DABUR,0.1
2016-07-22,AMBER,0.1
2016-07-22,NLCINDIA,0.1
2016-07-29,FIVESTAR,0.1
2016-07-29,NLCINDIA,0.1
2016-07-29,FLUOROCHEM,0.1
2016-07-29,DABUR,0.1
2016-07-29,POLYCAB,0.1
2016-07-29,CAPLIPOINT,0.1
2016-07-29,PETRONET,0.1
2016-07-29,BAJAJHLDNG,0.1
2016-07-29,WAAREEENER,0.1
2016-07-29,MANKIND,0.1
2016-08-05,SONACOMS,0.1
2016-08-05,RECLTD,0.1
2016-08-05,PREMIERENE,0.1
2016-08-05,FLUOROCHEM,0.1
2016-08-05,NLCINDIA,0.1
2016-08-05,SUNTV,0.1
2016-08-05,HDFCLIFE,0.1
2016-08-05,POLYCAB,0.1
2016-08-05,GPIL,0.1
2016-08-05,MOTILALOFS,0.1
2016-08-12,JMFINANCIL,0.1
2016-08-12,RECLTD,0.1
2016-08-12,ELGIEQUIP,0.1
2016-08-12,EIDPARRY,0.1
2016-08-12,ALOKINDS,0.1
2016-08-12,HDFCLIFE,0.1
2016-08-12,LAURUSLABS,0.1
2016-08-12,DOMS,0.1
2016-08-12,AADHARHFC,0.1
2016-08-12,COHANCE,0.1
2016-08-19,MCX,0.1
2016-08-19,SCHAEFFLER,0.1
2016-08-19,JMFINANCIL,0.1
2016-08-19,DOMS,0.1
2016-08-19,UNOMINDA,0.1
2016-08-19,EIDPARRY,0.1
2016-08-19,ELGIEQUIP,0.1
2016-08-19,SBIN,0.1
2016-08-19,ANANDRATHI,0.1
2016-08-19,ALOKINDS,0.1
2016-08-26,GUJGASLTD,0.1
2016-08-26,MCX,0.1
2016-08-26,SCHAEFFLER,0.1
2016-08-26,HEG,0.1
2016-08-26,FSL,0.1
2016-08-26,UNOMINDA,0.1
2016-08-26,GVT&D,0.1
2016-08-26,PTCIL,0.1
2016-08-26,JMFINANCIL,0.1
2016-08-26,EMCURE,0.1
2016-09-02,JBCHEPHARM,0.1
2016-09-02,SUNTV,0.1
2016-09-02,WAAREEENER,0.1
2016-09-02,ASTRAL,0.1
2016-09-02,ELGIEQUIP,0.1
2016-09-02,MAPMYINDIA,0.1
2016-09-02,FSL,0.1
2016-09-02,MCX,0.1
2016-09-02,UNOMINDA,0.1
2016-09-02,POLYCAB,0.1
2016-09-09,JMFINANCIL,0.1
2016-09-09,JBCHEPHARM,0.1
2016-09-09,ELGIEQUIP,0.1
2016-09-09,AGARWALEYE,0.1
2016-09-09,CCL,0.1
2016-09-09,SUNTV,0.1
2016-09-09,STARHEALTH,0.1
2016-09-09,KEC,0.1
2016-09-09,KALYANKJIL,0.1
2016-09-09,ATGL,0.1
2016-09-16,RECLTD,0.1
2016-09-16,INDHOTEL,0.1
2016-09-16,KEC,0.1
2016-09-16,MARICO,0.1
2016-09-16,MAPMYINDIA,0.1
2016-09-16,NCC,0.1
2016-09-16,PATANJALI,0.1
2016-09-16,RELINFRA,0.1
2016-09-16,BHARTIHEXA,0.1
2016-09-16,BDL,0.1
2016-09-23,FIVESTAR,0.1
2016-09-23,OLAELEC,0.1
2016-09-23,RECLTD,0.1
2016-09-23,BHARTIHEXA,0.1
2016-09-23,ZEEL,0.1
2016-09-23,CAPLIPOINT,0.1
2016-09-23,WHIRLPOOL,0.1
2016-09-23,PATANJALI,0.1
2016-09-23,ATGL,0.1
2016-09-23,RELINFRA,0.1
2016-09-30,ALOKINDS,0.1
2016-09-30,HFCL,0.1
2016-09-30,FIVESTAR,0.1
2016-09-30,RELINFRA,0.1
2016-09-30,UNITDSPR,0.1
2016-09-30,WAAREEENER,0.1
2016-09-30,BERGEPAINT,0.1
2016-09-30,JBCHEPHARM,0.1
2016-09-30,RECLTD,0.1
2016-09-30,BANKINDIA,0.1
2016-10-07,PREMIERENE,0.1
2016-10-07,CAMS,0.1
2016-10-07,UNITDSPR,0.1
2016-10-07,JBCHEPHARM,0.1
2016-10-07,TIINDIA,0.1
2016-10-07,SHRIRAMFIN,0.1
2016-10-07,MAPMYINDIA,0.1
2016-10-07,FIVESTAR,0.1
2016-10-07,BANKINDIA,0.1
2016-10-07,ELGIEQUIP,0.1
2016-10-14,PREMIERENE,0.1
2016-10-14,UNITDSPR,0.1
2016-10-14,FIVESTAR,0.1
2016-10-14,BANKINDIA,0.1
2016-10-14,GAIL,0.1
2016-10-14,GUJGASLTD,0.1
2016-10-14,MAPMYINDIA,0.1
2016-10-14,JBCHEPHARM,0.1
2016-10-14,BEML,0.1
2016-10-14,GRAVITA,0.1
2016-10-21,CCL,0.1
2016-10-21,PREMIERENE,0.1
2016-10-21,BEML,0.1
2016-10-21,ATGL,0.1
2016-10-21,ESCORTS,0.1
2016-10-21,GRAVITA,0.1
2016-10-21,POLYMED,0.1
2016-10-21,KIRLOSENG,0.1
2016-10-21,LLOYDSME,0.1
2016-10-21,BHARTIHEXA,0.1
2016-10-28,TRIVENI,0.1
2016-10-28,CCL,0.1
2016-10-28,MFSL,0.1
2016-10-28,INDIANB,0.1
2016-10-28,NATIONALUM,0.1
2016-10-28,EMCURE,0.1
2016-10-28,NSLNISP,0.1
2016-10-28,GODREJCP,0.1
2016-10-28,ATGL,0.1
2016-10-28,JBCHEPHARM,0.1
2016-11-04,NATIONALUM,0.1
2016-11-04,CCL,0.1
2016-11-04,BANKINDIA,0.1
2016-11-04,TRIVENI,0.1
2016-11-04,FINCABLES,0.1
2016-11-04,GODREJCP,0.1
2016-11-04,MCX,0.1
2016-11-04,CAMS,0.1
2016-11-04,DUMMYSKFIN,0.1
2016-11-04,MFSL,0.1
2016-11-11,CGPOWER,0.1
2016-11-11,FIVESTAR,0.1
2016-11-11,LATENTVIEW,0.1
2016-11-11,BANKINDIA,0.1
2016-11-11,JMFINANCIL,0.1
2016-11-11,FINCABLES,0.1
2016-11-11,SHYAMMETL,0.1
2016-11-11,DEVYANI,0.1
2016-11-11,ATGL,0.1
2016-11-11,TIINDIA,0.1
2016-11-18,FIVESTAR,0.1
2016-11-18,CHOLAHLDNG,0.1
2016-11-18,SBILIFE,0.1
2016-11-18,BANKINDIA,0.1
2016-11-18,JMFINANCIL,0.1
2016-11-18,RELINFRA,0.1
2016-11-18,INDIANB,0.1
2016-11-18,MANKIND,0.1
2016-11-18,AWL,0.1
2016-11-18,TIINDIA,0.1
2016-11-25,MAZDOCK,0.1
2016-11-25,CCL,0.1
2016-11-25,RELINFRA,0.1
2016-11-25,SBILIFE,0.1
2016-11-25,CHOLAHLDNG,0.1
2016-11-25,INDIANB,0.1
2016-11-25,UNITDSPR,0.1
2016-11-25,GESHIP,0.1
2016-11-25,CGPOWER,0.1
2016-11-25,CDSL,0.1
2016-12-02,MAZDOCK,0.1
2016-12-02,CCL,0.1
2016-12-02,WAAREEENER,0.1
2016-12-02,CGPOWER,0.1
2016-12-02,CHOLAHLDNG,0.1
2016-12-02,BANKINDIA,0.1
2016-12-02,GAIL,0.1
2016-12-02,BAJAJHFL,0.1
2016-12-02,JSWENERGY,0.1
2016-12-02,COCHINSHIP,0.1
2016-12-09,MAZDOCK,0.1
2016-12-09,IPCALAB,0.1
2016-12-09,CCL,0.1
2016-12-09,GAIL,0.1
2016-12-09,CGPOWER,0.1
2016-12-09,SUNDARMFIN,0.1
2016-12-09,WAAREEENER,0.1
2016-12-09,SHYAMMETL,0.1
2016-12-09,DOMS,0.1
2016-12-09,CHOLAHLDNG,0.1
2016-12-16,DOMS,0.1
2016-12-16,LATENTVIEW,0.1
2016-12-16,TATATECH,0.1
2016-12-16,DEVYANI,0.1
2016-12-16,BANKINDIA,0.1
2016-12-16,MAZDOCK,0.1
2016-12-16,COCHINSHIP,0.1
2016-12-16,CENTRALBK,0.1
2016-12-16,WAAREEENER,0.1
2016-12-16,BAJAJHFL,0.1
2016-12-23,MARUTI,0.1
2016-12-23,SUNDARMFIN,0.1
2016-12-23,WAAREEENER,0.1
2016-12-23,DOMS,0.1
2016-12-23,TATATECH,0.1
2016-12-23,KIRLOSENG,0.1
2016-12-23,COROMANDEL,0.1
2016-12-23,PNB,0.1
2016-12-23,SAMMAANCAP,0.1
2016-12-23,LATENTVIEW,0.1
2016-12-30,GAIL,0.1
2016-12-30,DOMS,0.1
2016-12-30,PTCIL,0.1
2016-12-30,AGARWALEYE,0.1
2016-12-30,TCS,0.1
2016-12-30,STARHEALTH,0.1
2016-12-30,GILLETTE,0.1
2016-12-30,SUNTV,0.1
2016-12-30,COROMANDEL,0.1
2016-12-30,LLOYDSME,0.1
2017-01-06,GAIL,0.1
2017-01-06,DUMMYSKFIN,0.1
2017-01-06,ZEEL,0.1
2017-01-06,GODREJPROP,0.1
2017-01-06,STARHEALTH,0.1
2017-01-06,LLOYDSME,0.1
2017-01-06,NBCC,0.1
2017-01-06,CRISIL,0.1
2017-01-06,COROMANDEL,0.1
2017-01-06,COCHINSHIP,0.1
2017-01-13,GAIL,0.1
2017-01-13,CCL,0.1
2017-01-13,AGARWALEYE,0.1
2017-01-13,SYNGENE,0.1
2017-01-13,LATENTVIEW,0.1
2017-01-13,SWANCORP,0.1
2017-01-13,STARHEALTH,0.1
2017-01-13,DUMMYSKFIN,0.1
2017-01-13,LLOYDSME,0.1
2017-01-13,FIVESTAR,0.1
2017-01-20,CCL,0.1
2017-01-20,JBCHEPHARM,0.1
2017-01-20,M&M,0.1
2017-01-20,AGARWALEYE,0.1
2017-01-20,KALYANKJIL,0.1
2017-01-20,DOMS,0.1
2017-01-20,TITAN,0.1
2017-01-20,GAIL,0.1
2017-01-20,LTF,0.1
2017-01-20,JWL,0.1
2017-01-27,JBCHEPHARM,0.1
2017-01-27,OBEROIRLTY,0.1
2017-01-27,MAPMYINDIA,0.1
2017-01-27,DOMS,0.1
2017-01-27,VOLTAS,0.1
2017-01-27,ADANIPORTS,0.1
2017-01-27,LATENTVIEW,0.1
2017-01-27,ZEEL,0.1
2017-01-27,CCL,0.1
2017-01-27,ASTRAZEN,0.1
2017-02-03,MAPMYINDIA,0.1
2017-02-03,JBCHEPHARM,0.1
2017-02-03,SUNTV,0.1
2017-02-03,BHARATFORG,0.1
2017-02-03,OBEROIRLTY,0.1
2017-02-03,ABB,0.1
2017-02-03,HONASA,0.1
2017-02-03,DEVYANI,0.1
2017-02-03,ADANIPORTS,0.1
2017-02-03,COCHINSHIP,0.1
2017-02-10,JSWENERGY,0.1
2017-02-10,BHARATFORG,0.1
2017-02-10,LLOYDSME,0.1
2017-02-10,PTCIL,0.1
2017-02-10,ABB,0.1
2017-02-10,SUNTV,0.1
2017-02-10,KPRMILL,0.1
2017-02-10,ZENSARTECH,0.1
2017-02-10,ZYDUSLIFE,0.1
2017-02-10,MOTHERSON,0.1
2017-02-17,LLOYDSME,0.1
2017-02-17,LEMONTREE,0.1
2017-02-17,SUNTV,0.1
2017-02-17,SOLARINDS,0.1
2017-02-17,SUMICHEM,0.1
2017-02-17,FIRSTCRY,0.1
2017-02-17,KPIL,0.1
2017-02-17,ZYDUSLIFE,0.1
2017-02-17,SONACOMS,0.1
2017-02-17,IPCALAB,0.1
2017-02-24,VOLTAS,0.1
2017-02-24,MARUTI,0.1
2017-02-24,TIINDIA,0.1
2017-02-24,SUMICHEM,0.1
2017-02-24,BSOFT,0.1
2017-02-24,LEMONTREE,0.1
2017-02-24,MSUMI,0.1
2017-02-24,ADANIPORTS,0.1
2017-02-24,GSPL,0.1
2017-02-24,GRAVITA,0.1
2017-03-03,VOLTAS,0.1
2017-03-03,MARUTI,0.1
2017-03-03,FIVESTAR,0.1
2017-03-03,MAPMYINDIA,0.1
2017-03-03,JSWENERGY,0.1
2017-03-03,ASTRAZEN,0.1
2017-03-03,MCX,0.1
2017-03-03,TIINDIA,0.1
2017-03-03,SUMICHEM,0.1
2017-03-03,ANANDRATHI,0.1
2017-03-10,ANANDRATHI,0.1
2017-03-10,FIVESTAR,0.1
2017-03-10,CANBK,0.1
2017-03-10,MAPMYINDIA,0.1
2017-03-10,NHPC,0.1
2017-03-10,TATAPOWER,0.1
2017-03-10,DOMS,0.1
2017-03-10,UPL,0.1
2017-03-10,BAJAJHFL,0.1
2017-03-10,INDIANB,0.1
2017-03-17,MAZDOCK,0.1
2017-03-17,AADHARHFC,0.1
2017-03-17,NHPC,0.1
2017-03-17,ANANDRATHI,0.1
2017-03-17,INDIANB,0.1
2017-03-17,RHIM,0.1
2017-03-17,TATAPOWER,0.1
2017-03-17,UPL,0.1
2017-03-17,CANBK,0.1
2017-03-17,MAPMYINDIA,0.1
2017-03-24,MAZDOCK,0.1
2017-03-24,INDUSTOWER,0.1
2017-03-24,CGPOWER,0.1
2017-03-24,AGARWALEYE,0.1
2017-03-24,SOLARINDS,0.1
2017-03-24,INDIANB,0.1
2017-03-24,OLAELEC,0.1
2017-03-24,TATAPOWER,0.1
2017-03-24,GRAVITA,0.1
2017-03-24,BHARTIARTL,0.1
2017-03-31,INDUSTOWER,0.1
2017-03-31,LATENTVIEW,0.1
2017-03-31,NLCINDIA,0.1
2017-03-31,AGARWALEYE,0.1
2017-03-31,WAAREEENER,0.1
2017-03-31,IRB,0.1
2017-03-31,BHARTIARTL,0.1
2017-03-31,BANKINDIA,0.1
2017-03-31,SOLARINDS,0.1
2017-03-31,CONCOR,0.1
2017-04-07,MOTHERSON,0.1
2017-04-07,CONCOR,0.1
2017-04-07,LATENTVIEW,0.1
2017-04-07,PIIND,0.1
2017-04-07,JSWSTEEL,0.1
2017-04-07,ASTRAZEN,0.1
2017-04-07,INDUSTOWER,0.1
2017-04-07,AAVAS,0.1
2017-04-07,VEDL,0.1
2017-04-07,KIRLOSBROS,0.1
2017-04-14,VOLTAS,0.1
2017-04-14,AADHARHFC,0.1
2017-04-14,FIRSTCRY,0.1
2017-04-14,LLOYDSME,0.1
2017-04-14,TITAN,0.1
2017-04-14,MANAPPURAM,0.1
2017-04-14,JSWSTEEL,0.1
2017-04-14,CHOLAHLDNG,0.1
2017-04-14,RAINBOW,0.1
2017-04-14,INDUSTOWER,0.1
2017-04-21,VOLTAS,0.1
2017-04-21,MAZDOCK,0.1
2017-04-21,FIRSTCRY,0.1
2017-04-21,PREMIERENE,0.1
2017-04-21,BANKINDIA,0.1
2017-04-21,JYOTHYLAB,0.1
2017-04-21,GRAVITA,0.1
2017-04-21,INDUSTOWER,0.1
2017-04-21,PRESTIGE,0.1
2017-04-21,LATENTVIEW,0.1
2017-04-28,JYOTHYLAB,0.1
2017-04-28,ASTRAZEN,0.1
2017-04-28,EICHERMOT,0.1
2017-04-28,BANKINDIA,0.1
2017-04-28,MAZDOCK,0.1
2017-04-28,IRCON,0.1
2017-04-28,MSUMI,0.1
2017-04-28,PREMIERENE,0.1
2017-04-28,INDUSTOWER,0.1
2017-04-28,FIRSTCRY,0.1
2017-05-05,HDFCAMC,0.1
2017-05-05,BANKINDIA,0.1
2017-05-05,JYOTHYLAB,0.1
2017-05-05,MAZDOCK,0.1
2017-05-05,EICHERMOT,0.1
2017-05-05,LATENTVIEW,0.1
2017-05-05,GVT&D,0.1
2017-05-05,AAVAS,0.1
2017-05-05,PREMIERENE,0.1
2017-05-05,ZENSARTECH,0.1
2017-05-12,NATIONALUM,0.1
2017-05-12,ICICIGI,0.1
2017-05-12,GVT&D,0.1
2017-05-12,HDFCLIFE,0.1
2017-05-12,UPL,0.1
2017-05-12,AAVAS,0.1
2017-05-12,SBICARD,0.1
2017-05-12,INDUSTOWER,0.1
2017-05-12,LLOYDSME,0.1
2017-05-12,BRITANNIA,0.1
2017-05-19,SBICARD,0.1
2017-05-19,HDFCLIFE,0.1
2017-05-19,MSUMI,0.1
2017-05-19,GVT&D,0.1
2017-05-19,MOTHERSON,0.1
2017-05-19,ANANDRATHI,0.1
2017-05-19,NLCINDIA,0.1
2017-05-19,MANAPPURAM,0.1
2017-05-19,CHOLAHLDNG,0.1
2017-05-19,OBEROIRLTY,0.1
2017-05-26,MANAPPURAM,0.1
2017-05-26,INDIANB,0.1
2017-05-26,BAJAJHFL,0.1
2017-05-26,GILLETTE,0.1
2017-05-26,BRITANNIA,0.1
2017-05-26,MSUMI,0.1
2017-05-26,HDFCLIFE,0.1
2017-05-26,OBEROIRLTY,0.1
2017-05-26,SBICARD,0.1
2017-05-26,MAZDOCK,0.1
2017-06-02,SOLARINDS,0.1
2017-06-02,ICICIGI,0.1
2017-06-02,INDIANB,0.1
2017-06-02,BRITANNIA,0.1
2017-06-02,MAZDOCK,0.1
2017-06-02,MSUMI,0.1
2017-06-02,PTCIL,0.1
2017-06-02,NUVOCO,0.1
2017-06-02,GODREJCP,0.1
2017-06-02,HINDCOPPER,0.1
2017-06-09,ICICIGI,0.1
2017-06-09,NUVOCO,0.1
2017-06-09,SOLARINDS,0.1
2017-06-09,MAZDOCK,0.1
2017-06-09,BAJAJ-AUTO,0.1
2017-06-09,INDIANB,0.1
2017-06-09,VEDL,0.1
2017-06-09,MOTHERSON,0.1
2017-06-09,BRITANNIA,0.1
2017-06-09,ABB,0.1
2017-06-16,JYOTHYLAB,0.1
2017-06-16,SOLARINDS,0.1
2017-06-16,ABB,0.1
2017-06-16,MOTHERSON,0.1
2017-06-16,INDIANB,0.1
2017-06-16,UPL,0.1
2017-06-16,LLOYDSME,0.1
2017-06-16,BAJAJ-AUTO,0.1
2017-06-16,RHIM,0.1
2017-06-16,BRITANNIA,0.1
2017-06-23,JYOTHYLAB,0.1
2017-06-23,RKFORGE,0.1
2017-06-23,HINDCOPPER,0.1
2017-06-23,PTCIL,0.1
2017-06-23,INDIANB,0.1
2017-06-23,MSUMI,0.1
2017-06-23,LATENTVIEW,0.1
2017-06-23,FIVESTAR,0.1
2017-06-23,AEGISLOG,0.1
2017-06-23,RHIM,0.1
2017-06-30,INDIANB,0.1
2017-06-30,RKFORGE,0.1
2017-06-30,INDUSTOWER,0.1
2017-06-30,SCI,0.1
2017-06-30,IDFCFIRSTB,0.1
2017-06-30,GODREJIND,0.1
2017-06-30,MAZDOCK,0.1
2017-06-30,GUJGASLTD,0.1
2017-06-30,HDFCBANK,0.1
2017-06-30,MARUTI,0.1
2017-07-07,INDIANB,0.1
2017-07-07,RKFORGE,0.1
2017-07-07,JINDALSAW,0.1
2017-07-07,MARUTI,0.1
2017-07-07,IDFCFIRSTB,0.1
2017-07-07,FIRSTCRY,0.1
2017-07-07,HAL,0.1
2017-07-07,IDBI,0.1
2017-07-07,TIMKEN,0.1
2017-07-07,MUTHOOTFIN,0.1
2017-07-14,EICHERMOT,0.1
2017-07-14,SOLARINDS,0.1
2017-07-14,MARUTI,0.1
2017-07-14,COLPAL,0.1
2017-07-14,RHIM,0.1
2017-07-14,IDBI,0.1
2017-07-14,VOLTAS,0.1
2017-07-14,MANAPPURAM,0.1
2017-07-14,JINDALSAW,0.1
2017-07-14,TIMKEN,0.1
2017-07-21,AEGISLOG,0.1
2017-07-21,HDFCAMC,0.1
2017-07-21,VMM,0.1
2017-07-21,MARUTI,0.1
2017-07-21,SOLARINDS,0.1
2017-07-21,VGUARD,0.1
2017-07-21,HEXT,0.1
2017-07-21,IDBI,0.1
2017-07-21,FIVESTAR,0.1
2017-07-21,JWL,0.1
2017-07-28,SOLARINDS,0.1
2017-07-28,HDFCAMC,0.1
2017-07-28,AEGISLOG,0.1
2017-07-28,OFSS,0.1
2017-07-28,COHANCE,0.1
2017-07-28,INDIANB,0.1
2017-07-28,KOTAKBANK,0.1
2017-07-28,MCX,0.1
2017-07-28,IDFCFIRSTB,0.1
2017-07-28,GLENMARK,0.1
2017-08-04,REDINGTON,0.1
2017-08-04,MOTHERSON,0.1
2017-08-04,MCX,0.1
2017-08-04,RHIM,0.1
2017-08-04,OFSS,0.1
2017-08-04,KPRMILL,0.1
2017-08-04,ASTRAL,0.1
2017-08-04,SUNTV,0.1
2017-08-04,AKZOINDIA,0.1
2017-08-04,SOLARINDS,0.1
2018-02-23,JBMA,0.1
2018-02-23,NIACL,0.1
2018-02-23,GRAPHITE,0.1
2018-02-23,JKCEMENT,0.1
2018-02-23,PCBL,0.1
2018-02-23,HOMEFIRST,0.1
2018-02-23,DBREALTY,0.1
2018-02-23,BRIGADE,0.1
2018-02-23,RRKABEL,0.1
2018-02-23,NESTLEIND,0.1
2018-03-02,ADANIPOWER,0.1
2018-03-02,ALKYLAMINE,0.1
2018-03-02,SYRMA,0.1
2018-03-02,NIACL,0.1
2018-03-02,NYKAA,0.1
2018-03-02,LODHA,0.1
2018-03-02,NESTLEIND,0.1
2018-03-02,JKCEMENT,0.1
2018-03-02,JUBLFOOD,0.1
2018-03-02,CROMPTON,0.1
2018-03-09,SYRMA,0.1
2018-03-09,ALKYLAMINE,0.1
2018-03-09,ADANIPOWER,0.1
2018-03-09,CROMPTON,0.1
2018-03-09,TATACONSUM,0.1
2018-03-09,HOMEFIRST,0.1
2018-03-09,JBMA,0.1
2018-03-09,BRIGADE,0.1
2018-03-09,JUBLFOOD,0.1
2018-03-09,MMTC,0.1
2018-03-16,BRIGADE,0.1
2018-03-16,MINDACORP,0.1
2018-03-16,ADANIPOWER,0.1
2018-03-16,IRCTC,0.1
2018-03-16,AWL,0.1
2018-03-16,BEL,0.1
2018-03-16,CEATLTD,0.1
2018-03-16,RRKABEL,0.1
2018-03-16,CGCL,0.1
2018-03-16,NEULANDLAB,0.1
2018-03-23,JKCEMENT,0.1
2018-03-23,BRIGADE,0.1
2018-03-23,NH,0.1
2018-03-23,JPPOWER,0.1
2018-03-23,DBREALTY,0.1
2018-03-23,CEATLTD,0.1
2018-03-23,RRKABEL,0.1
2018-03-23,OLECTRA,0.1
2018-03-23,BBTC,0.1
2018-03-23,MINDACORP,0.1
2018-03-30,JPPOWER,0.1
2018-03-30,RRKABEL,0.1
2018-03-30,PIDILITIND,0.1
2018-03-30,JBMA,0.1
2018-03-30,CEATLTD,0.1
2018-03-30,NUVAMA,0.1
2018-03-30,INOXINDIA,0.1
2018-03-30,POLICYBZR,0.1
2018-03-30,BAYERCROP,0.1
2018-03-30,MPHASIS,0.1
2018-04-06,MRPL,0.1
2018-04-06,RBLBANK,0.1
2018-04-06,NUVAMA,0.1
2018-04-06,IKS,0.1
2018-04-06,MMTC,0.1
2018-04-06,MPHASIS,0.1
2018-04-06,NEULANDLAB,0.1
2018-04-06,CEATLTD,0.1
2018-04-06,BAJAJFINSV,0.1
2018-04-06,PIDILITIND,0.1
2018-04-13,MRPL,0.1
2018-04-13,ALKYLAMINE,0.1
2018-04-13,MPHASIS,0.1
2018-04-13,NAUKRI,0.1
2018-04-13,GICRE,0.1
2018-04-13,GODREJAGRO,0.1
2018-04-13,LALPATHLAB,0.1
2018-04-13,INDHOTEL,0.1
2018-04-13,HINDPETRO,0.1
2018-04-13,FORCEMOT,0.1
2018-04-20,ALOKINDS,0.1
2018-04-20,NAUKRI,0.1
2018-04-20,CDSL,0.1
2018-04-20,CGCL,0.1
2018-04-20,SUNTV,0.1
2018-04-20,FINCABLES,0.1
2018-04-20,JINDALSAW,0.1
2018-04-20,ALKYLAMINE,0.1
2018-04-20,AFCONS,0.1
2018-04-20,FSL,0.1
2018-04-27,POLYMED,0.1
2018-04-27,FORTIS,0.1
2018-04-27,SAPPHIRE,0.1
2018-04-27,GRSE,0.1
2018-04-27,CDSL,0.1
2018-04-27,VEDL,0.1
2018-04-27,APLAPOLLO,0.1
2018-04-27,NATIONALUM,0.1
2018-04-27,POLYCAB,0.1
2018-04-27,ANGELONE,0.1
2018-05-04,BRIGADE,0.1
2018-05-04,RBLBANK,0.1
2018-05-04,GRSE,0.1
2018-05-04,MANAPPURAM,0.1
2018-05-04,FINCABLES,0.1
2018-05-04,NIACL,0.1
2018-05-04,FSL,0.1
2018-05-04,BANKINDIA,0.1
2018-05-04,POLYMED,0.1
2018-05-04,SAPPHIRE,0.1
2018-05-11,RBLBANK,0.1
2018-05-11,BRIGADE,0.1
2018-05-11,MARICO,0.1
2018-05-11,FINCABLES,0.1
2018-05-11,NIACL,0.1
2018-05-11,ELECON,0.1
2018-05-11,AMBER,0.1
2018-05-11,NIVABUPA,0.1
2018-05-11,ALOKINDS,0.1
2018-05-11,POLYMED,0.1
2018-05-18,BRIGADE,0.1
2018-05-18,RBLBANK,0.1
2018-05-18,AMBER,0.1
2018-05-18,DALBHARAT,0.1
2018-05-18,SAGILITY,0.1
2018-05-18,MARICO,0.1
2018-05-18,MSUMI,0.1
2018-05-18,CDSL,0.1
2018-05-18,FINCABLES,0.1
2018-05-18,SUNDRMFAST,0.1
2018-05-25,BRIGADE,0.1
2018-05-25,JKCEMENT,0.1
2018-05-25,FINCABLES,0.1
2018-05-25,AMBER,0.1
2018-05-25,RBLBANK,0.1
2018-05-25,SAIL,0.1
2018-05-25,SAGILITY,0.1
2018-05-25,BERGEPAINT,0.1
2018-05-25,MARICO,0.1
2018-05-25,ASIANPAINT,0.1
2018-06-01,INDHOTEL,0.1
2018-06-01,AMBER,0.1
2018-06-01,PETRONET,0.1
2018-06-01,TRIDENT,0.1
2018-06-01,M&M,0.1
2018-06-01,TATATECH,0.1
2018-06-01,BERGEPAINT,0.1
2018-06-01,JSL,0.1
2018-06-01,COHANCE,0.1
2018-06-01,ABFRL,0.1
2018-06-08,PETRONET,0.1
2018-06-08,HYUNDAI,0.1
2018-06-08,TRIDENT,0.1
2018-06-08,COHANCE,0.1
2018-06-08,NIACL,0.1
2018-06-08,GMRAIRPORT,0.1
2018-06-08,CIPLA,0.1
2018-06-08,GODREJCP,0.1
2018-06-08,SAGILITY,0.1
2018-06-08,CANFINHOME,0.1
2018-06-15,UBL,0.1
2018-06-15,ASTERDM,0.1
2018-06-15,GRSE,0.1
2018-06-15,SBICARD,0.1
2018-06-15,NATIONALUM,0.1
2018-06-15,BRIGADE,0.1
2018-06-15,IGIL,0.1
2018-06-15,PETRONET,0.1
2018-06-15,MAPMYINDIA,0.1
2018-06-15,HYUNDAI,0.1
2018-06-22,SUNDRMFAST,0.1
2018-06-22,NATIONALUM,0.1
2018-06-22,MPHASIS,0.1
2018-06-22,UBL,0.1
2018-06-22,SHYAMMETL,0.1
2018-06-22,IIFL,0.1
2018-06-22,MANAPPURAM,0.1
2018-06-22,ASTERDM,0.1
2018-06-22,SBICARD,0.1
2018-06-22,IGIL,0.1
2018-06-29,HOMEFIRST,0.1
2018-06-29,HINDPETRO,0.1
2018-06-29,SUNTV,0.1
2018-06-29,COHANCE,0.1
2018-06-29,HAVELLS,0.1
2018-06-29,PNB,0.1
2018-06-29,SHYAMMETL,0.1
2018-06-29,MAPMYINDIA,0.1
2018-06-29,COFORGE,0.1
2018-06-29,NATIONALUM,0.1
2018-07-06,COHANCE,0.1
2018-07-06,PNB,0.1
2018-07-06,SHYAMMETL,0.1
2018-07-06,LALPATHLAB,0.1
2018-07-06,HOMEFIRST,0.1
2018-07-06,MAZDOCK,0.1
2018-07-06,SBICARD,0.1
2018-07-06,TATATECH,0.1
2018-07-06,JKCEMENT,0.1
2018-07-06,PIDILITIND,0.1
2018-07-13,SYRMA,0.1
2018-07-13,PNB,0.1
2018-07-13,TATAELXSI,0.1
2018-07-13,NH,0.1
2018-07-13,SUNTV,0.1
2018-07-13,TATATECH,0.1
2018-07-13,PIDILITIND,0.1
2018-07-13,HAVELLS,0.1
2018-07-13,JKCEMENT,0.1
2018-07-13,BAJAJHLDNG,0.1
2018-07-20,PETRONET,0.1
2018-07-20,BALKRISIND,0.1
2018-07-20,HAVELLS,0.1
2018-07-20,NATIONALUM,0.1
2018-07-20,SAGILITY,0.1
2018-07-20,NH,0.1
2018-07-20,PIDILITIND,0.1
2018-07-20,DALBHARAT,0.1
2018-07-20,BERGEPAINT,0.1
2018-07-20,MGL,0.1
2018-07-27,FINPIPE,0.1
2018-07-27,TRIDENT,0.1
2018-07-27,NESTLEIND,0.1
2018-07-27,BANKINDIA,0.1
2018-07-27,UBL,0.1
2018-07-27,ACMESOLAR,0.1
2018-07-27,RECLTD,0.1
2018-07-27,FINCABLES,0.1
2018-07-27,BALKRISIND,0.1
2018-07-27,LTFOODS,0.1
2018-08-03,FINPIPE,0.1
2018-08-03,TRIDENT,0.1
2018-08-03,FINCABLES,0.1
2018-08-03,CROMPTON,0.1
2018-08-03,COFORGE,0.1
2018-08-03,DALBHARAT,0.1
2018-08-03,GODREJCP,0.1
2018-08-03,ACMESOLAR,0.1
2018-08-03,NESTLEIND,0.1
2018-08-03,RECLTD,0.1
2018-08-10,FINPIPE,0.1
2018-08-10,COFORGE,0.1
2018-08-10,PTCIL,0.1
2018-08-10,ADANIENSOL,0.1
2018-08-10,ACMESOLAR,0.1
2018-08-10,LALPATHLAB,0.1
2018-08-10,NESTLEIND,0.1
2018-08-10,CANFINHOME,0.1
2018-08-10,VEDL,0.1
2018-08-10,BANKINDIA,0.1
2018-08-17,GMRAIRPORT,0.1
2018-08-17,PNB,0.1
2018-08-17,GRSE,0.1
2018-08-17,BBTC,0.1
2018-08-17,BHARTIHEXA,0.1
2018-08-17,SBICARD,0.1
2018-08-17,SUNTV,0.1
2018-08-17,CANFINHOME,0.1
2018-08-17,NAVA,0.1
2018-08-17,GODFRYPHLP,0.1
2018-08-24,TATAELXSI,0.1
2018-08-24,GMRAIRPORT,0.1
2018-08-24,BBTC,0.1
2018-08-24,BOSCHLTD,0.1
2018-08-24,COFORGE,0.1
2018-08-24,PETRONET,0.1
2018-08-24,PNB,0.1
2018-08-24,FINPIPE,0.1
2018-08-24,INDGN,0.1
2018-08-24,ZEEL,0.1
2018-08-31,GMRAIRPORT,0.1
2018-08-31,ADANIENSOL,0.1
2018-08-31,NH,0.1
2018-08-31,AGARWALEYE,0.1
2018-08-31,BBTC,0.1
2018-08-31,CDSL,0.1
2018-08-31,RELINFRA,0.1
2018-08-31,UBL,0.1
2018-08-31,JPPOWER,0.1
2018-08-31,MAHSCOOTER,0.1
2018-09-07,ADANIENSOL,0.1
2018-09-07,AGARWALEYE,0.1
2018-09-07,CDSL,0.1
2018-09-07,JSWSTEEL,0.1
2018-09-07,IRFC,0.1
2018-09-07,JPPOWER,0.1
2018-09-07,UBL,0.1
2018-09-07,MAHSCOOTER,0.1
2018-09-07,FINCABLES,0.1
2018-09-07,RITES,0.1
2018-09-14,ANGELONE,0.1
2018-09-14,CDSL,0.1
2018-09-14,ADANIENSOL,0.1
2018-09-14,JSWSTEEL,0.1
2018-09-14,RECLTD,0.1
2018-09-14,TATACONSUM,0.1
2018-09-14,AUROPHARMA,0.1
2018-09-14,UBL,0.1
2018-09-14,IRFC,0.1
2018-09-14,ABLBL,0.1
2018-09-21,GRSE,0.1
2018-09-21,NAVA,0.1
2018-09-21,LALPATHLAB,0.1
2018-09-21,AUROPHARMA,0.1
2018-09-21,TATACONSUM,0.1
2018-09-21,CANFINHOME,0.1
2018-09-21,JKCEMENT,0.1
2018-09-21,LTFOODS,0.1
2018-09-21,RELIANCE,0.1
2018-09-21,BEML,0.1
2018-09-28,SBICARD,0.1
2018-09-28,NIVABUPA,0.1
2018-09-28,BBTC,0.1
2018-09-28,LALPATHLAB,0.1
2018-09-28,HINDPETRO,0.1
2018-09-28,TATACONSUM,0.1
2018-09-28,FINCABLES,0.1
2018-09-28,GRSE,0.1
2018-09-28,VENTIVE,0.1
2018-09-28,BEML,0.1
2018-10-05,SBICARD,0.1
2018-10-05,TATAELXSI,0.1
2018-10-05,UBL,0.1
2018-10-05,NIVABUPA,0.1
2018-10-05,TATACONSUM,0.1
2018-10-05,HINDPETRO,0.1
2018-10-05,AIIL,0.1
2018-10-05,ADANIENSOL,0.1
2018-10-05,CAMPUS,0.1
2018-10-05,ANGELONE,0.1
2018-10-12,SBICARD,0.1
2018-10-12,TATAELXSI,0.1
2018-10-12,GRSE,0.1
2018-10-12,RELIANCE,0.1
2018-10-12,EICHERMOT,0.1
2018-10-12,IDBI,0.1
2018-10-12,GPIL,0.1
2018-10-12,CESC,0.1
2018-10-12,CAMPUS,0.1
2018-10-12,TATATECH,0.1
2018-10-19,SBICARD,0.1
2018-10-19,EICHERMOT,0.1
2018-10-19,RELIANCE,0.1
2018-10-19,BOSCHLTD,0.1
2018-10-19,BLUEJET,0.1
2018-10-19,CESC,0.1
2018-10-19,SUNPHARMA,0.1
2018-10-19,ADANIENSOL,0.1
2018-10-19,GRSE,0.1
2018-10-19,ICICIBANK,0.1
2018-10-26,BOSCHLTD,0.1
2018-10-26,RELIANCE,0.1
2018-10-26,DALBHARAT,0.1
2018-10-26,NATIONALUM,0.1
2018-10-26,MARICO,0.1
2018-10-26,SUNPHARMA,0.1
2018-10-26,FINPIPE,0.1
2018-10-26,JSWSTEEL,0.1
2018-10-26,FORTIS,0.1
2018-10-26,CRISIL,0.1
2018-11-02,TITAGARH,0.1
2018-11-02,DALBHARAT,0.1
2018-11-02,RITES,0.1
2018-11-02,RELIANCE,0.1
2018-11-02,HINDPETRO,0.1
2018-11-02,NETWEB,0.1
2018-11-02,FORCEMOT,0.1
2018-11-02,MUTHOOTFIN,0.1
2018-11-02,FINPIPE,0.1
2018-11-02,JSWENERGY,0.1
2018-11-09,TITAGARH,0.1
2018-11-09,MAPMYINDIA,0.1
2018-11-09,RELIANCE,0.1
2018-11-09,HINDPETRO,0.1
2018-11-09,ULTRACEMCO,0.1
2018-11-09,APLAPOLLO,0.1
2018-11-09,ASTRAZEN,0.1
2018-11-09,DALBHARAT,0.1
2018-11-09,SHYAMMETL,0.1
2018-11-09,ALKEM,0.1
2018-11-16,TITAGARH,0.1
2018-11-16,EICHERMOT,0.1
2018-11-16,SAGILITY,0.1
2018-11-16,APLAPOLLO,0.1
2018-11-16,MAPMYINDIA,0.1
2018-11-16,ACMESOLAR,0.1
2018-11-16,GUJGASLTD,0.1
2018-11-16,AIIL,0.1
2018-11-16,LTFOODS,0.1
2018-11-16,ASTRAZEN,0.1
2018-11-23,UBL,0.1
2018-11-23,SAGILITY,0.1
2018-11-23,LTFOODS,0.1
2018-11-23,MAPMYINDIA,0.1
2018-11-23,SAPPHIRE,0.1
2018-11-23,AIIL,0.1
2018-11-23,SAMMAANCAP,0.1
2018-11-23,ACMESOLAR,0.1
2018-11-23,GUJGASLTD,0.1
2018-11-23,ASTRAZEN,0.1
2018-11-30,CAMPUS,0.1
2018-11-30,BEML,0.1
2018-11-30,MOTILALOFS,0.1
2018-11-30,APOLLOHOSP,0.1
2018-11-30,MARICO,0.1
2018-11-30,IRFC,0.1
2018-11-30,360ONE,0.1
2018-11-30,PFC,0.1
2018-11-30,LTFOODS,0.1
2018-11-30,AXISBANK,0.1
2018-12-07,APOLLOTYRE,0.1
2018-12-07,VENTIVE,0.1
2018-12-07,MINDACORP,0.1
2018-12-07,CROMPTON,0.1
2018-12-07,AXISBANK,0.1
2018-12-07,MAZDOCK,0.1
2018-12-07,ICICIBANK,0.1
2018-12-07,ASHOKLEY,0.1
2018-12-07,APOLLOHOSP,0.1
2018-12-07,BLUEJET,0.1
2018-12-14,AXISBANK,0.1
2018-12-14,JMFINANCIL,0.1
2018-12-14,MINDACORP,0.1
2018-12-14,ADANIENT,0.1
2018-12-14,JKCEMENT,0.1
2018-12-14,BLUEJET,0.1
2018-12-14,SUNPHARMA,0.1
2018-12-14,GMRAIRPORT,0.1
2018-12-14,JUBLPHARMA,0.1
2018-12-14,ICICIBANK,0.1
2018-12-21,UBL,0.1
2018-12-21,PETRONET,0.1
2018-12-21,JUBLPHARMA,0.1
2018-12-21,SUNPHARMA,0.1
2018-12-21,ADANIENT,0.1
2018-12-21,HAVELLS,0.1
2018-12-21,TATATECH,0.1
2018-12-21,JMFINANCIL,0.1
2018-12-21,JKCEMENT,0.1
2018-12-21,MOTILALOFS,0.1
2018-12-28,RECLTD,0.1
2018-12-28,UBL,0.1
2018-12-28,HAVELLS,0.1
2018-12-28,SUNPHARMA,0.1
2018-12-28,KEI,0.1
2018-12-28,ADANIENSOL,0.1
2018-12-28,MAZDOCK,0.1
2018-12-28,TATATECH,0.1
2018-12-28,ELECON,0.1
2018-12-28,MOTILALOFS,0.1
2019-01-04,ADANIENSOL,0.1
2019-01-04,NSLNISP,0.1
2019-01-04,GRASIM,0.1
2019-01-04,ASTRAZEN,0.1
2019-01-04,SUNTV,0.1
2019-01-04,NEULANDLAB,0.1
2019-01-04,NATIONALUM,0.1
2019-01-04,BALRAMCHIN,0.1
2019-01-04,EICHERMOT,0.1
2019-01-04,TATATECH,0.1
2019-01-11,CIPLA,0.1
2019-01-11,KAJARIACER,0.1
2019-01-11,GRASIM,0.1
2019-01-11,JUBLPHARMA,0.1
2019-01-11,NATIONALUM,0.1
2019-01-11,NSLNISP,0.1
2019-01-11,ANANTRAJ,0.1
2019-01-11,APOLLOHOSP,0.1
2019-01-11,PNB,0.1
2019-01-11,KSB,0.1
2019-01-18,BBTC,0.1
2019-01-18,CIPLA,0.1
2019-01-18,UBL,0.1
2019-01-18,ADANIENT,0.1
2019-01-18,AGARWALEYE,0.1
2019-01-18,HINDPETRO,0.1
2019-01-18,IDBI,0.1
2019-01-18,FORTIS,0.1
2019-01-18,ADANIENSOL,0.1
2019-01-18,NAM-INDIA,0.1
2019-01-25,DALBHARAT,0.1
2019-01-25,GILLETTE,0.1
2019-01-25,ADANIENSOL,0.1
2019-01-25,HINDPETRO,0.1
2019-01-25,ADANIENT,0.1
2019-01-25,AGARWALEYE,0.1
2019-01-25,BALKRISIND,0.1
2019-01-25,SAGILITY,0.1
2019-01-25,KAJARIACER,0.1
2019-01-25,EMAMILTD,0.1
2019-02-01,RECLTD,0.1
2019-02-01,RRKABEL,0.1
2019-02-01,JUBLINGREA,0.1
2019-02-01,BAJAJFINSV,0.1
2019-02-01,GILLETTE,0.1
2019-02-01,APOLLOTYRE,0.1
2019-02-01,MAZDOCK,0.1
2019-02-01,ADANIENSOL,0.1
2019-02-01,DALBHARAT,0.1
2019-02-01,NEULANDLAB,0.1
2019-02-08,GILLETTE,0.1
2019-02-08,NAM-INDIA,0.1
2019-02-08,AGARWALEYE,0.1
2019-02-08,KPRMILL,0.1
2019-02-08,CRISIL,0.1
2019-02-08,JUBLINGREA,0.1
2019-02-08,RECLTD,0.1
2019-02-08,ENDURANCE,0.1
2019-02-08,DLF,0.1
2019-02-08,BAJAJFINSV,0.1
2019-02-15,ECLERX,0.1
2019-02-15,NAM-INDIA,0.1
2019-02-15,PETRONET,0.1
2019-02-15,CARBORUNIV,0.1
2019-02-15,DLF,0.1
2019-02-15,SUNPHARMA,0.1
2019-02-15,EMAMILTD,0.1
2019-02-15,HBLENGINE,0.1
2019-02-15,STARHEALTH,0.1
2019-02-15,IOB,0.1
2019-02-22,JKCEMENT,0.1
2019-02-22,BALKRISIND,0.1
2019-02-22,MEDANTA,0.1
2019-02-22,AIAENG,0.1
2019-02-22,KAJARIACER,0.1
2019-02-22,MCX,0.1
2019-02-22,CARBORUNIV,0.1
2019-02-22,MAZDOCK,0.1
2019-02-22,EMAMILTD,0.1
2019-02-22,MAPMYINDIA,0.1
2019-03-01,JKCEMENT,0.1
2019-03-01,MCX,0.1
2019-03-01,KAJARIACER,0.1
2019-03-01,AIAENG,0.1
2019-03-01,BPCL,0.1
2019-03-01,MFSL,0.1
2019-03-01,AKUMS,0.1
2019-03-01,HAVELLS,0.1
2019-03-01,MINDACORP,0.1
2019-03-01,UTIAMC,0.1
2019-03-08,BALKRISIND,0.1
2019-03-08,AIAENG,0.1
2019-03-08,ELECON,0.1
2019-03-08,SBICARD,0.1
2019-03-08,MINDACORP,0.1
2019-03-08,MCX,0.1
2019-03-08,UBL,0.1
2019-03-08,EICHERMOT,0.1
2019-03-08,UTIAMC,0.1
2019-03-08,POLYMED,0.1
2019-03-15,GILLETTE,0.1
2019-03-15,SBICARD,0.1
2019-03-15,RECLTD,0.1
2019-03-15,MCX,0.1
2019-03-15,CROMPTON,0.1
2019-03-15,BALKRISIND,0.1
2019-03-15,ABB,0.1
2019-03-15,TATACONSUM,0.1
2019-03-15,MPHASIS,0.1
2019-03-15,SUNPHARMA,0.1
2019-03-22,SBICARD,0.1
2019-03-22,MINDACORP,0.1
2019-03-22,ENDURANCE,0.1
2019-03-22,CROMPTON,0.1
2019-03-22,SUNPHARMA,0.1
2019-03-22,ABB,0.1
2019-03-22,HAVELLS,0.1
2019-03-22,INDGN,0.1
2019-03-22,POLYCAB,0.1
2019-03-22,ADANIENSOL,0.1
2019-03-29,JMFINANCIL,0.1
2019-03-29,BALKRISIND,0.1
2019-03-29,MCX,0.1
2019-03-29,JPPOWER,0.1
2019-03-29,GILLETTE,0.1
2019-03-29,GODREJCP,0.1
2019-03-29,NLCINDIA,0.1
2019-03-29,AMBUJACEM,0.1
2019-03-29,BLS,0.1
2019-03-29,DRREDDY,0.1
2019-04-05,TITAGARH,0.1
2019-04-05,ULTRACEMCO,0.1
2019-04-05,GILLETTE,0.1
2019-04-05,JPPOWER,0.1
2019-04-05,AMBUJACEM,0.1
2019-04-05,CENTRALBK,0.1
2019-04-05,DCMSHRIRAM,0.1
2019-04-05,WIPRO,0.1
2019-04-05,GRASIM,0.1
2019-04-05,FEDERALBNK,0.1
2019-04-12,ULTRACEMCO,0.1
2019-04-12,SAGILITY,0.1
2019-04-12,MINDACORP,0.1
2019-04-12,TITAGARH,0.1
2019-04-12,GILLETTE,0.1
2019-04-12,JUBLPHARMA,0.1
2019-04-12,CENTRALBK,0.1
2019-04-12,JWL,0.1
2019-04-12,PNBHOUSING,0.1
2019-04-12,MUTHOOTFIN,0.1
2019-04-19,ULTRACEMCO,0.1
2019-04-19,KAJARIACER,0.1
2019-04-19,SAGILITY,0.1
2019-04-19,MINDACORP,0.1
2019-04-19,JUBLPHARMA,0.1
2019-04-19,TITAGARH,0.1
2019-04-19,TATACONSUM,0.1
2019-04-19,BRITANNIA,0.1
2019-04-19,TIMKEN,0.1
2019-04-19,HOMEFIRST,0.1
2019-04-26,MINDACORP,0.1
2019-04-26,TATACONSUM,0.1
2019-04-26,JUBLPHARMA,0.1
2019-04-26,SAGILITY,0.1
2019-04-26,ULTRACEMCO,0.1
2019-04-26,KAJARIACER,0.1
2019-04-26,BIOCON,0.1
2019-04-26,CHAMBLFERT,0.1
2019-04-26,ANANDRATHI,0.1
2019-04-26,KIRLOSENG,0.1
2019-05-03,ALKEM,0.1
2019-05-03,CONCOR,0.1
2019-05-03,ICICIBANK,0.1
2019-05-03,JUBLFOOD,0.1
2019-05-03,SAGILITY,0.1
2019-05-03,OBEROIRLTY,0.1
2019-05-03,CHAMBLFERT,0.1
2019-05-03,ULTRACEMCO,0.1
2019-05-03,CENTRALBK,0.1
2019-05-03,ASTRAZEN,0.1
2019-05-10,ALKEM,0.1
2019-05-10,ULTRACEMCO,0.1
2019-05-10,SAGILITY,0.1
2019-05-10,CONCOR,0.1
2019-05-10,CHAMBLFERT,0.1
2019-05-10,CARBORUNIV,0.1
2019-05-10,JUBLFOOD,0.1
2019-05-10,SBFC,0.1
2019-05-10,KIRLOSENG,0.1
2019-05-10,ICICIBANK,0.1
2019-05-17,MINDACORP,0.1
2019-05-17,ULTRACEMCO,0.1
2019-05-17,MAPMYINDIA,0.1
2019-05-17,JYOTHYLAB,0.1
2019-05-17,CONCOR,0.1
2019-05-17,UTIAMC,0.1
2019-05-17,CHAMBLFERT,0.1
2019-05-17,KIRLOSENG,0.1
2019-05-17,SAGILITY,0.1
2019-05-17,ALKEM,0.1
2019-05-24,PAGEIND,0.1
2019-05-24,BALKRISIND,0.1
2019-05-24,CHAMBLFERT,0.1
2019-05-24,JYOTHYLAB,0.1
2019-05-24,TCS,0.1
2019-05-24,SRF,0.1
2019-05-24,KPRMILL,0.1
2019-05-24,TIMKEN,0.1
2019-05-24,CIPLA,0.1
2019-05-24,FORTIS,0.1
2019-05-31,RAILTEL,0.1
2019-05-31,ELECON,0.1
2019-05-31,SHYAMMETL,0.1
2019-05-31,UTIAMC,0.1
2019-05-31,JYOTHYLAB,0.1
2019-05-31,POLYMED,0.1
2019-05-31,PAGEIND,0.1
2019-05-31,BLS,0.1
2019-05-31,ASTRAZEN,0.1
2019-05-31,ANANDRATHI,0.1
2019-06-07,RAILTEL,0.1
2019-06-07,OBEROIRLTY,0.1
2019-06-07,UTIAMC,0.1
2019-06-07,GODREJCP,0.1
2019-06-07,RELIANCE,0.1
2019-06-07,AKUMS,0.1
2019-06-07,COROMANDEL,0.1
2019-06-07,ELECON,0.1
2019-06-07,ABBOTINDIA,0.1
2019-06-07,POLYCAB,0.1
2019-06-14,OBEROIRLTY,0.1
2019-06-14,ICICIGI,0.1
2019-06-14,ANANDRATHI,0.1
2019-06-14,RELIANCE,0.1
2019-06-14,AKUMS,0.1
2019-06-14,COFORGE,0.1
2019-06-14,TITAN,0.1
2019-06-14,RRKABEL,0.1
2019-06-14,UTIAMC,0.1
2019-06-14,IGL,0.1
2019-06-21,ICICIGI,0.1
2019-06-21,KIRLOSENG,0.1
2019-06-21,GODREJCP,0.1
2019-06-21,RAMCOCEM,0.1
2019-06-21,BAYERCROP,0.1
2019-06-21,INDIANB,0.1
2019-06-21,AKUMS,0.1
2019-06-21,HEROMOTOCO,0.1
2019-06-21,TITAN,0.1
2019-06-21,POLYCAB,0.1
2019-06-28,UBL,0.1
2019-06-28,ICICIGI,0.1
2019-06-28,INDIANB,0.1
2019-06-28,PNB,0.1
2019-06-28,PETRONET,0.1
2019-06-28,ETERNAL,0.1
2019-06-28,KIRLOSENG,0.1
2019-06-28,AKUMS,0.1
2019-06-28,HEROMOTOCO,0.1
2019-06-28,TCS,0.1
2019-07-05,PNB,0.1
2019-07-05,KAJARIACER,0.1
2019-07-05,ANANDRATHI,0.1
2019-07-05,TIMKEN,0.1
2019-07-05,INDIANB,0.1
2019-07-05,GRASIM,0.1
2019-07-05,ICICIGI,0.1
2019-07-05,CONCOR,0.1
2019-07-05,ETERNAL,0.1
2019-07-05,TCS,0.1
2019-07-12,KAJARIACER,0.1
2019-07-12,PAGEIND,0.1
2019-07-12,ENGINERSIN,0.1
2019-07-12,ABB,0.1
2019-07-12,KARURVYSYA,0.1
2019-07-12,AKUMS,0.1
2019-07-12,ICICIGI,0.1
2019-07-12,SARDAEN,0.1
2019-07-12,SUNDARMFIN,0.1
2019-07-12,ANANDRATHI,0.1
2019-07-19,SUPREMEIND,0.1
2019-07-19,KARURVYSYA,0.1
2019-07-19,ALOKINDS,0.1
2019-07-19,APOLLOTYRE,0.1
2019-07-19,ALKEM,0.1
2019-07-19,PAGEIND,0.1
2019-07-19,LEMONTREE,0.1
2019-07-19,PREMIERENE,0.1
2019-07-19,MAZDOCK,0.1
2019-07-19,POLYCAB,0.1
2019-07-26,SBICARD,0.1
2019-07-26,ALKEM,0.1
2019-07-26,POLYCAB,0.1
2019-07-26,KARURVYSYA,0.1
2019-07-26,PAGEIND,0.1
2019-07-26,AEGISVOPAK,0.1
2019-07-26,ETERNAL,0.1
2019-07-26,BANKBARODA,0.1
2019-07-26,ULTRACEMCO,0.1
2019-07-26,CAPLIPOINT,0.1
2019-08-02,HEROMOTOCO,0.1
2019-08-02,MGL,0.1
2019-08-02,RECLTD,0.1
2019-08-02,MEDANTA,0.1
2019-08-02,PNBHOUSING,0.1
2019-08-02,BALRAMCHIN,0.1
2019-08-02,ALKYLAMINE,0.1
2019-08-02,FEDERALBNK,0.1
2019-08-02,ADANIENSOL,0.1
2019-08-02,CGCL,0.1
2019-08-09,RECLTD,0.1
2019-08-09,SRF,0.1
2019-08-09,ADANIENSOL,0.1
2019-08-09,OBEROIRLTY,0.1
2019-08-09,UBL,0.1
2019-08-09,SBFC,0.1
2019-08-09,DCMSHRIRAM,0.1
2019-08-09,SUNDARMFIN,0.1
2019-08-09,SARDAEN,0.1
2019-08-09,TECHNOE,0.1
2019-08-16,INDIANB,0.1
2019-08-16,SHYAMMETL,0.1
2019-08-16,CARBORUNIV,0.1
2019-08-16,BAYERCROP,0.1
2019-08-16,SRF,0.1
2019-08-16,ULTRACEMCO,0.1
2019-08-16,NESTLEIND,0.1
2019-08-16,ADANIENSOL,0.1
2019-08-16,ENGINERSIN,0.1
2019-08-16,UBL,0.1
2019-08-23,TIMKEN,0.1
2019-08-23,SBICARD,0.1
2019-08-23,INDIANB,0.1
2019-08-23,RELIANCE,0.1
2019-08-23,ANGELONE,0.1
2019-08-23,BANKINDIA,0.1
2019-08-23,GODREJCP,0.1
2019-08-23,SARDAEN,0.1
2019-08-23,ICICIGI,0.1
2019-08-23,BAYERCROP,0.1
2019-08-30,TIMKEN,0.1
2019-08-30,GODREJCP,0.1
2019-08-30,ULTRACEMCO,0.1
2019-08-30,RELIANCE,0.1
2019-08-30,TITAN,0.1
2019-08-30,KARURVYSYA,0.1
2019-08-30,ICICIGI,0.1
2019-08-30,ALOKINDS,0.1
2019-08-30,BAYERCROP,0.1
2019-08-30,TCS,0.1
2019-09-06,IFCI,0.1
2019-09-06,KIRLOSENG,0.1
2019-09-06,TITAN,0.1
2019-09-06,TCS,0.1
2019-09-06,BRITANNIA,0.1
2019-09-06,RECLTD,0.1
2019-09-06,USHAMART,0.1
2019-09-06,BALKRISIND,0.1
2019-09-06,ALOKINDS,0.1
2019-09-06,YESBANK,0.1
2019-09-13,IFCI,0.1
2019-09-13,POLYCAB,0.1
2019-09-13,APOLLOTYRE,0.1
2019-09-13,COROMANDEL,0.1
2019-09-13,USHAMART,0.1
2019-09-13,JYOTHYLAB,0.1
2019-09-13,NAVA,0.1
2019-09-13,SRF,0.1
2019-09-13,EIDPARRY,0.1
2019-09-13,BRITANNIA,0.1
2019-09-20,SBICARD,0.1
2019-09-20,IFCI,0.1
2019-09-20,OBEROIRLTY,0.1
2019-09-20,CHENNPETRO,0.1
2019-09-20,SARDAEN,0.1
2019-09-20,MGL,0.1
2019-09-20,ALOKINDS,0.1
2019-09-20,AKUMS,0.1
2019-09-20,CHAMBLFERT,0.1
2019-09-20,COROMANDEL,0.1
2019-09-27,SBICARD,0.1
2019-09-27,GAIL,0.1
2019-09-27,TATACONSUM,0.1
2019-09-27,IRFC,0.1
2019-09-27,SRF,0.1
2019-09-27,WIPRO,0.1
2019-09-27,KIRLOSENG,0.1
2019-09-27,IRCTC,0.1
2019-09-27,MARUTI,0.1
2019-09-27,SARDAEN,0.1
2019-10-04,COFORGE,0.1
2019-10-04,SBICARD,0.1
2019-10-04,BEML,0.1
2019-10-04,JPPOWER,0.1
2019-10-04,IRFC,0.1
2019-10-04,NAVINFLUOR,0.1
2019-10-04,JKTYRE,0.1
2019-10-04,TATACONSUM,0.1
2019-10-04,GAIL,0.1
2019-10-04,UTIAMC,0.1
2019-10-11,TIMKEN,0.1
2019-10-11,SBICARD,0.1
2019-10-11,HEROMOTOCO,0.1
2019-10-11,JKTYRE,0.1
2019-10-11,NAVINFLUOR,0.1
2019-10-11,GODIGIT,0.1
2019-10-11,M&MFIN,0.1
2019-10-11,SAGILITY,0.1
2019-10-11,IRB,0.1
2019-10-11,JPPOWER,0.1
2019-10-18,SBICARD,0.1
2019-10-18,JKTYRE,0.1
2019-10-18,ANGELONE,0.1
2019-10-18,AEGISVOPAK,0.1
2019-10-18,CARBORUNIV,0.1
2019-10-18,SAGILITY,0.1
2019-10-18,ABREL,0.1
2019-10-18,CDSL,0.1
2019-10-18,INDUSTOWER,0.1
2019-10-18,CHENNPETRO,0.1
2019-10-25,AEGISVOPAK,0.1
2019-10-25,GRASIM,0.1
2019-10-25,SAGILITY,0.1
2019-10-25,CERA,0.1
2019-10-25,NETWEB,0.1
2019-10-25,CARBORUNIV,0.1
2019-10-25,TIMKEN,0.1
2019-10-25,AKUMS,0.1
2019-10-25,USHAMART,0.1
2019-10-25,CDSL,0.1
2019-11-01,ABREL,0.1
2019-11-01,NETWEB,0.1
2019-11-01,USHAMART,0.1
2019-11-01,IRFC,0.1
2019-11-01,CARBORUNIV,0.1
2019-11-01,ETERNAL,0.1
2019-11-01,BLUEJET,0.1
2019-11-01,TATACONSUM,0.1
2019-11-01,AKUMS,0.1
2019-11-01,CDSL,0.1
2019-11-08,CDSL,0.1
2019-11-08,APOLLOTYRE,0.1
2019-11-08,RPOWER,0.1
2019-11-08,NETWEB,0.1
2019-11-08,SBFC,0.1
2019-11-08,M&MFIN,0.1
2019-11-08,ABREL,0.1
2019-11-08,ENGINERSIN,0.1
2019-11-08,CHALET,0.1
2019-11-08,COFORGE,0.1
2019-11-15,SBICARD,0.1
2019-11-15,SBFC,0.1
2019-11-15,LODHA,0.1
2019-11-15,BRITANNIA,0.1
2019-11-15,MAZDOCK,0.1
2019-11-15,CHENNPETRO,0.1
2019-11-15,APOLLOTYRE,0.1
2019-11-15,TATACOMM,0.1
2019-11-15,BIOCON,0.1
2019-11-15,VGUARD,0.1
2019-11-22,JKTYRE,0.1
2019-11-22,BAYERCROP,0.1
2019-11-22,EIDPARRY,0.1
2019-11-22,CHENNPETRO,0.1
2019-11-22,LODHA,0.1
2019-11-22,BRITANNIA,0.1
2019-11-22,ULTRACEMCO,0.1
2019-11-22,BDL,0.1
2019-11-22,GUJGASLTD,0.1
2019-11-22,SRF,0.1
2019-11-29,TRIVENI,0.1
2019-11-29,FACT,0.1
2019-11-29,JKTYRE,0.1
2019-11-29,MAPMYINDIA,0.1
2019-11-29,GUJGASLTD,0.1
2019-11-29,JSWINFRA,0.1
2019-11-29,EIDPARRY,0.1
2019-11-29,ETERNAL,0.1
2019-11-29,TATATECH,0.1
2019-11-29,ALKEM,0.1
2019-12-06,AGARWALEYE,0.1
2019-12-06,ABB,0.1
2019-12-06,JKTYRE,0.1
2019-12-06,FACT,0.1
2019-12-06,TRIVENI,0.1
2019-12-06,AFCONS,0.1
2019-12-06,MAPMYINDIA,0.1
2019-12-06,ICICIPRULI,0.1
2019-12-06,SARDAEN,0.1
2019-12-06,EIDPARRY,0.1
2019-12-13,BEML,0.1
2019-12-13,FACT,0.1
2019-12-13,ABB,0.1
2019-12-13,SUNTV,0.1
2019-12-13,MAPMYINDIA,0.1
2019-12-13,SUNDARMFIN,0.1
2019-12-13,ANGELONE,0.1
2019-12-13,SRF,0.1
2019-12-13,OBEROIRLTY,0.1
2019-12-13,EIDPARRY,0.1
2019-12-20,KFINTECH,0.1
2019-12-20,FACT,0.1
2019-12-20,ETERNAL,0.1
2019-12-20,ABREL,0.1
2019-12-20,MAZDOCK,0.1
2019-12-20,TIMKEN,0.1
2019-12-20,MOTILALOFS,0.1
2019-12-20,EIDPARRY,0.1
2019-12-20,MANKIND,0.1
2019-12-20,ACMESOLAR,0.1
2019-12-27,KFINTECH,0.1
2019-12-27,TIMKEN,0.1
2019-12-27,CRAFTSMAN,0.1
2019-12-27,YESBANK,0.1
2019-12-27,ETERNAL,0.1
2019-12-27,TATACOMM,0.1
2019-12-27,TATACHEM,0.1
2019-12-27,SAGILITY,0.1
2019-12-27,EIDPARRY,0.1
2019-12-27,MAZDOCK,0.1
2020-01-03,KFINTECH,0.1
2020-01-03,TATACOMM,0.1
2020-01-03,AGARWALEYE,0.1
2020-01-03,JKTYRE,0.1
2020-01-03,ETERNAL,0.1
2020-01-03,ATUL,0.1
2020-01-03,CROMPTON,0.1
2020-01-03,IRCTC,0.1
2020-01-03,YESBANK,0.1
2020-01-03,SARDAEN,0.1
2020-01-10,CROMPTON,0.1
2020-01-10,TATACOMM,0.1
2020-01-10,GRAVITA,0.1
2020-01-10,SAIL,0.1
2020-01-10,CHAMBLFERT,0.1
2020-01-10,ONGC,0.1
2020-01-10,NAVINFLUOR,0.1
2020-01-10,SARDAEN,0.1
2020-01-10,POWERINDIA,0.1
2020-01-10,KEC,0.1
2020-01-17,IFCI,0.1
2020-01-17,GICRE,0.1
2020-01-17,IRFC,0.1
2020-01-17,CHAMBLFERT,0.1
2020-01-17,TATACOMM,0.1
2020-01-17,OLECTRA,0.1
2020-01-17,COHANCE,0.1
2020-01-17,WOCKPHARMA,0.1
2020-01-17,ONGC,0.1
2020-01-17,BAYERCROP,0.1
2020-01-24,ABB,0.1
2020-01-24,IRFC,0.1
2020-01-24,TATACOMM,0.1
2020-01-24,GICRE,0.1
2020-01-24,APTUS,0.1
2020-01-24,AGARWALEYE,0.1
2020-01-24,BSOFT,0.1
2020-01-24,BIOCON,0.1
2020-01-24,TRIVENI,0.1
2020-01-24,APOLLOTYRE,0.1
2020-01-31,FACT,0.1
2020-01-31,IRFC,0.1
2020-01-31,APTUS,0.1
2020-01-31,LAURUSLABS,0.1
2020-01-31,ANGELONE,0.1
2020-01-31,ABFRL,0.1
2020-01-31,SHREECEM,0.1
2020-01-31,MEDANTA,0.1
2020-01-31,BIOCON,0.1
2020-01-31,TRIVENI,0.1
2020-02-07,GRAVITA,0.1
2020-02-07,IFCI,0.1
2020-02-07,CHAMBLFERT,0.1
2020-02-07,DRREDDY,0.1
2020-02-07,IRFC,0.1
2020-02-07,BIOCON,0.1
2020-02-07,ONGC,0.1
2020-02-07,CAMS,0.1
2020-02-07,TBOTEK,0.1
2020-02-07,SUNDARMFIN,0.1
2020-02-14,TATATECH,0.1
2020-02-14,AFCONS,0.1
2020-02-14,CRAFTSMAN,0.1
2020-02-14,SAIL,0.1
2020-02-14,POLYCAB,0.1
2020-02-14,UNITDSPR,0.1
2020-02-14,MGL,0.1
2020-02-14,IFCI,0.1
2020-02-14,TATACONSUM,0.1
2020-02-14,LODHA,0.1
2020-02-21,BLS,0.1
2020-02-21,GICRE,0.1
2020-02-21,DMART,0.1
2020-02-21,AFCONS,0.1
2020-02-21,LTFOODS,0.1
2020-02-21,MAPMYINDIA,0.1
2020-02-21,BRITANNIA,0.1
2020-02-21,IFCI,0.1
2020-02-21,TATACONSUM,0.1
2020-02-21,LODHA,0.1
2020-02-28,BLS,0.1
2020-02-28,LTFOODS,0.1
2020-02-28,JKTYRE,0.1
2020-02-28,NAVINFLUOR,0.1
2020-02-28,LLOYDSME,0.1
2020-02-28,JBMA,0.1
2020-02-28,JIOFIN,0.1
2020-02-28,SAGILITY,0.1
2020-02-28,TIMKEN,0.1
2020-02-28,CHAMBLFERT,0.1
2020-03-06,LLOYDSME,0.1
2020-03-06,FACT,0.1
2020-03-06,BLS,0.1
2020-03-06,IRFC,0.1
2020-03-06,GRAVITA,0.1
2020-03-06,MAHSEAMLES,0.1
2020-03-06,TIMKEN,0.1
2020-03-06,GMRAIRPORT,0.1
2020-03-06,JIOFIN,0.1
2020-03-06,CHAMBLFERT,0.1
2020-03-13,IRFC,0.1
2020-03-13,LLOYDSME,0.1
2020-03-13,SBICARD,0.1
2020-03-13,COFORGE,0.1
2020-03-13,BEML,0.1
2020-03-13,GMRAIRPORT,0.1
2020-03-13,HONAUT,0.1
2020-03-13,INDIGO,0.1
2020-03-13,IFCI,0.1
2020-03-13,CGCL,0.1
2020-03-20,SBICARD,0.1
2020-03-20,DALBHARAT,0.1
2020-03-20,RPOWER,0.1
2020-03-20,COFORGE,0.1
2020-03-20,INDIGO,0.1
2020-03-20,GMRAIRPORT,0.1
2020-03-20,AGARWALEYE,0.1
2020-03-20,RHIM,0.1
2020-03-20,MOTILALOFS,0.1
2020-03-20,TATACHEM,0.1
2020-03-27,GRASIM,0.1
2020-03-27,BAYERCROP,0.1
2020-03-27,GMRAIRPORT,0.1
2020-03-27,IRFC,0.1
2020-03-27,ATUL,0.1
2020-03-27,SARDAEN,0.1
2020-03-27,TORNTPOWER,0.1
2020-03-27,COFORGE,0.1
2020-03-27,CHAMBLFERT,0.1
2020-03-27,FACT,0.1
2020-04-03,GRASIM,0.1
2020-04-03,HEROMOTOCO,0.1
2020-04-03,GODIGIT,0.1
2020-04-03,FACT,0.1
2020-04-03,BAYERCROP,0.1
2020-04-03,RPOWER,0.1
2020-04-03,SUNPHARMA,0.1
2020-04-03,GRAVITA,0.1
2020-04-03,DMART,0.1
2020-04-03,OLECTRA,0.1
2020-04-10,HONAUT,0.1
2020-04-10,FACT,0.1
2020-04-10,TATAMOTORS,0.1
2020-04-10,DALBHARAT,0.1
2020-04-10,MOTILALOFS,0.1
2020-04-10,RAMCOCEM,0.1
2020-04-10,DRREDDY,0.1
2020-04-10,MUTHOOTFIN,0.1
2020-04-10,SUNPHARMA,0.1
2020-04-10,RECLTD,0.1
2020-04-17,CDSL,0.1
2020-04-17,DALBHARAT,0.1
2020-04-17,MOTILALOFS,0.1
2020-04-17,TATAINVEST,0.1
2020-04-17,BPCL,0.1
2020-04-17,IRFC,0.1
2020-04-17,HONAUT,0.1
2020-04-17,GMRAIRPORT,0.1
2020-04-17,MUTHOOTFIN,0.1
2020-04-17,UNITDSPR,0.1
2020-04-24,KFINTECH,0.1
2020-04-24,CANFINHOME,0.1
2020-04-24,TATAINVEST,0.1
2020-04-24,RPOWER,0.1
2020-04-24,GMRAIRPORT,0.1
2020-04-24,GICRE,0.1
2020-04-24,MUTHOOTFIN,0.1
2020-04-24,ADANIPOWER,0.1
2020-04-24,CDSL,0.1
2020-04-24,DALBHARAT,0.1
2020-05-01,FACT,0.1
2020-05-01,AGARWALEYE,0.1
2020-05-01,RPOWER,0.1
2020-05-01,TORNTPOWER,0.1
2020-05-01,COFORGE,0.1
2020-05-01,CDSL,0.1
2020-05-01,REDINGTON,0.1
2020-05-01,GRAVITA,0.1
2020-05-01,KFINTECH,0.1
2020-05-01,FINCABLES,0.1
2020-11-20,AADHARHFC,0.1
2020-11-20,BLUEDART,0.1
2020-11-20,WELSPUNLIV,0.1
2020-11-20,PPLPHARMA,0.1
2020-11-20,HEXT,0.1
2020-11-20,COLPAL,0.1
2020-11-20,HAL,0.1
2020-11-20,FLUOROCHEM,0.1
2020-11-20,SBILIFE,0.1
2020-11-20,RADICO,0.1
2020-11-27,BSE,0.1
2020-11-27,BLUEDART,0.1
2020-11-27,HAL,0.1
2020-11-27,J&KBANK,0.1
2020-11-27,KOTAKBANK,0.1
2020-11-27,TARIL,0.1
2020-11-27,TIINDIA,0.1
2020-11-27,COLPAL,0.1
2020-11-27,PPLPHARMA,0.1
2020-11-27,WAAREEENER,0.1
2020-12-04,BSE,0.1
2020-12-04,PHOENIXLTD,0.1
2020-12-04,HCLTECH,0.1
2020-12-04,HAL,0.1
2020-12-04,ADANIPORTS,0.1
2020-12-04,J&KBANK,0.1
2020-12-04,TIINDIA,0.1
2020-12-04,KOTAKBANK,0.1
2020-12-04,DABUR,0.1
2020-12-04,CASTROLIND,0.1
2020-12-11,PHOENIXLTD,0.1
2020-12-11,KOTAKBANK,0.1
2020-12-11,ADANIPORTS,0.1
2020-12-11,HAL,0.1
2020-12-11,THELEELA,0.1
2020-12-11,SCHAEFFLER,0.1
2020-12-11,ZYDUSLIFE,0.1
2020-12-11,GODFRYPHLP,0.1
2020-12-11,WELSPUNLIV,0.1
2020-12-11,ACC,0.1
2020-12-18,KOTAKBANK,0.1
2020-12-18,RCF,0.1
2020-12-18,PCBL,0.1
2020-12-18,ADANIPORTS,0.1
2020-12-18,TARIL,0.1
2020-12-18,WAAREEENER,0.1
2020-12-18,CANBK,0.1
2020-12-18,MAHABANK,0.1
2020-12-18,APTUS,0.1
2020-12-18,RAINBOW,0.1
2020-12-25,BLUEDART,0.1
2020-12-25,TIINDIA,0.1
2020-12-25,CYIENT,0.1
2020-12-25,MAHABANK,0.1
2020-12-25,WAAREEENER,0.1
2020-12-25,3MINDIA,0.1
2020-12-25,PCBL,0.1
2020-12-25,BHEL,0.1
2020-12-25,LT,0.1
2020-12-25,LALPATHLAB,0.1
2021-01-01,HINDCOPPER,0.1
2021-01-01,THERMAX,0.1
2021-01-01,COLPAL,0.1
2021-01-01,CYIENT,0.1
2021-01-01,COCHINSHIP,0.1
2021-01-01,TIINDIA,0.1
2021-01-01,NCC,0.1
2021-01-01,GSPL,0.1
2021-01-01,POONAWALLA,0.1
2021-01-01,HFCL,0.1
2021-01-08,HCLTECH,0.1
2021-01-08,MRPL,0.1
2021-01-08,POONAWALLA,0.1
2021-01-08,CRISIL,0.1
2021-01-08,COCHINSHIP,0.1
2021-01-08,CGPOWER,0.1
2021-01-08,BSE,0.1
2021-01-08,TIINDIA,0.1
2021-01-08,HINDCOPPER,0.1
2021-01-08,RAINBOW,0.1
2021-01-15,PETRONET,0.1
2021-01-15,APLAPOLLO,0.1
2021-01-15,HINDZINC,0.1
2021-01-15,OIL,0.1
2021-01-15,SAGILITY,0.1
2021-01-15,TRITURBINE,0.1
2021-01-15,MFSL,0.1
2021-01-15,VGUARD,0.1
2021-01-15,GLAND,0.1
2021-01-15,BEML,0.1
2021-01-22,SAGILITY,0.1
2021-01-22,HCLTECH,0.1
2021-01-22,APTUS,0.1
2021-01-22,MFSL,0.1
2021-01-22,VBL,0.1
2021-01-22,NETWEB,0.1
2021-01-22,TRITURBINE,0.1
2021-01-22,KOTAKBANK,0.1
2021-01-22,VEDL,0.1
2021-01-22,ADANIPORTS,0.1
2021-01-29,MCX,0.1
2021-01-29,HCLTECH,0.1
2021-01-29,POONAWALLA,0.1
2021-01-29,MRPL,0.1
2021-01-29,APLAPOLLO,0.1
2021-01-29,VEDL,0.1
2021-01-29,JSWSTEEL,0.1
2021-01-29,VBL,0.1
2021-01-29,AMBER,0.1
2021-01-29,SUNDRMFAST,0.1
2021-02-05,MINDACORP,0.1
2021-02-05,AIAENG,0.1
2021-02-05,MCX,0.1
2021-02-05,LALPATHLAB,0.1
2021-02-05,JSWSTEEL,0.1
2021-02-05,POONAWALLA,0.1
2021-02-05,HCLTECH,0.1
2021-02-05,BLUEDART,0.1
2021-02-05,CENTURYPLY,0.1
2021-02-05,VBL,0.1
2021-02-12,LALPATHLAB,0.1
2021-02-12,MINDACORP,0.1
2021-02-12,MCX,0.1
2021-02-12,KIMS,0.1
2021-02-12,MARUTI,0.1
2021-02-12,HCLTECH,0.1
2021-02-12,BSE,0.1
2021-02-12,USHAMART,0.1
2021-02-12,SUMICHEM,0.1
2021-02-12,RCF,0.1
2021-02-19,LALPATHLAB,0.1
2021-02-19,MINDACORP,0.1
2021-02-19,STARHEALTH,0.1
2021-02-19,MAHSEAMLES,0.1
2021-02-19,KIMS,0.1
2021-02-19,PETRONET,0.1
2021-02-19,BSE,0.1
2021-02-19,CHOICEIN,0.1
2021-02-19,IKS,0.1
2021-02-19,ITI,0.1
2021-02-26,BLUEDART,0.1
2021-02-26,HAL,0.1
2021-02-26,TARIL,0.1
2021-02-26,LALPATHLAB,0.1
2021-02-26,JSWSTEEL,0.1
2021-02-26,MAHSEAMLES,0.1
2021-02-26,BSE,0.1
2021-02-26,EIDPARRY,0.1
2021-02-26,ITI,0.1
2021-02-26,RHIM,0.1
2021-03-05,EXIDEIND,0.1
2021-03-05,AIAENG,0.1
2021-03-05,MCX,0.1
2021-03-05,BSE,0.1
2021-03-05,KOTAKBANK,0.1
2021-03-05,ENGINERSIN,0.1
2021-03-05,TRITURBINE,0.1
2021-03-05,BLUESTARCO,0.1
2021-03-05,RHIM,0.1
2021-03-05,INDIAMART,0.1
2021-03-12,EXIDEIND,0.1
2021-03-12,KIMS,0.1
2021-03-12,USHAMART,0.1
2021-03-12,TARIL,0.1
2021-03-12,ETERNAL,0.1
2021-03-12,APTUS,0.1
2021-03-12,AIAENG,0.1
2021-03-12,ICICIPRULI,0.1
2021-03-12,MCX,0.1
2021-03-12,APLAPOLLO,0.1
2021-03-19,EICHERMOT,0.1
2021-03-19,IPCALAB,0.1
2021-03-19,SBICARD,0.1
2021-03-19,HAL,0.1
2021-03-19,BDL,0.1
2021-03-19,SUMICHEM,0.1
2021-03-19,AIAENG,0.1
2021-03-19,INDHOTEL,0.1
2021-03-19,ASTRAL,0.1
2021-03-19,MCX,0.1
2021-03-26,HAL,0.1
2021-03-26,ASTRAL,0.1
2021-03-26,BIOCON,0.1
2021-03-26,GODREJPROP,0.1
2021-03-26,SBICARD,0.1
2021-03-26,ETERNAL,0.1
2021-03-26,IPCALAB,0.1
2021-03-26,AMBER,0.1
2021-03-26,MCX,0.1
2021-03-26,OBEROIRLTY,0.1
2021-04-02,HAL,0.1
2021-04-02,CHOICEIN,0.1
2021-04-02,VGUARD,0.1
2021-04-02,IFCI,0.1
2021-04-02,AIAENG,0.1
2021-04-02,TARIL,0.1
2021-04-02,ETERNAL,0.1
2021-04-02,GMRAIRPORT,0.1
2021-04-02,SBICARD,0.1
2021-04-02,APTUS,0.1
2021-04-09,PTCIL,0.1
2021-04-09,VGUARD,0.1
2021-04-09,GLAND,0.1
2021-04-09,CAMPUS,0.1
2021-04-09,IFCI,0.1
2021-04-09,CHOICEIN,0.1
2021-04-09,TCS,0.1
2021-04-09,SBICARD,0.1
2021-04-09,JKCEMENT,0.1
2021-04-09,POLYCAB,0.1
2021-04-16,VGUARD,0.1
2021-04-16,EICHERMOT,0.1
2021-04-16,GAIL,0.1
2021-04-16,SUNDRMFAST,0.1
2021-04-16,POLYCAB,0.1
2021-04-16,EMAMILTD,0.1
2021-04-16,IFCI,0.1
2021-04-16,JSL,0.1
2021-04-16,GLAND,0.1
2021-04-16,GODREJPROP,0.1
2021-04-23,CAMPUS,0.1
2021-04-23,EICHERMOT,0.1
2021-04-23,IFCI,0.1
2021-04-23,INDIAMART,0.1
2021-04-23,CENTURYPLY,0.1
2021-04-23,SCI,0.1
2021-04-23,GAIL,0.1
2021-04-23,HAL,0.1
2021-04-23,APTUS,0.1
2021-04-23,HDFCBANK,0.1
2021-04-30,CAMPUS,0.1
2021-04-30,APTUS,0.1
2021-04-30,INDIAMART,0.1
2021-04-30,CENTURYPLY,0.1
2021-04-30,ETERNAL,0.1
2021-04-30,BSE,0.1
2021-04-30,HAL,0.1
2021-04-30,SBICARD,0.1
2021-04-30,IFCI,0.1
2021-04-30,EICHERMOT,0.1
2021-05-07,CAMPUS,0.1
2021-05-07,SBICARD,0.1
2021-05-07,CENTURYPLY,0.1
2021-05-07,YESBANK,0.1
2021-05-07,AFCONS,0.1
2021-05-07,OIL,0.1
2021-05-07,IFCI,0.1
2021-05-07,BSE,0.1
2021-05-07,WELSPUNLIV,0.1
2021-05-07,TATAMOTORS,0.1
2021-05-14,CAMPUS,0.1
2021-05-14,INDUSINDBK,0.1
2021-05-14,PTCIL,0.1
2021-05-14,NETWEB,0.1
2021-05-14,GODREJPROP,0.1
2021-05-14,MARICO,0.1
2021-05-14,MPHASIS,0.1
2021-05-14,TATATECH,0.1
2021-05-14,INDIAMART,0.1
2021-05-14,SHREECEM,0.1
2021-05-21,MCX,0.1
2021-05-21,CAMPUS,0.1
2021-05-21,COFORGE,0.1
2021-05-21,SBICARD,0.1
2021-05-21,STARHEALTH,0.1
2021-05-21,TATATECH,0.1
2021-05-21,NETWEB,0.1
2021-05-21,IPCALAB,0.1
2021-05-21,KOTAKBANK,0.1
2021-05-21,WELSPUNLIV,0.1
2021-05-28,MCX,0.1
2021-05-28,SBICARD,0.1
2021-05-28,CAMPUS,0.1
2021-05-28,VTL,0.1
2021-05-28,PTCIL,0.1
2021-05-28,TATATECH,0.1
2021-05-28,COFORGE,0.1
2021-05-28,IPCALAB,0.1
2021-05-28,GESHIP,0.1
2021-05-28,NIVABUPA,0.1
2021-06-04,SBICARD,0.1
2021-06-04,IKS,0.1
2021-06-04,ASTRAL,0.1
2021-06-04,INDUSINDBK,0.1
2021-06-04,DIXON,0.1
2021-06-04,VTL,0.1
2021-06-04,MCX,0.1
2021-06-04,IPCALAB,0.1
2021-06-04,COFORGE,0.1
2021-06-04,GRAPHITE,0.1
2021-06-11,SCI,0.1
2021-06-11,SBICARD,0.1
2021-06-11,CRAFTSMAN,0.1
2021-06-11,BIKAJI,0.1
2021-06-11,DIXON,0.1
2021-06-11,VTL,0.1
2021-06-11,JSWSTEEL,0.1
2021-06-11,GRAPHITE,0.1
2021-06-11,APTUS,0.1
2021-06-11,INTELLECT,0.1
2021-06-18,SCI,0.1
2021-06-18,INDUSINDBK,0.1
2021-06-18,JSL,0.1
2021-06-18,DIXON,0.1
2021-06-18,BIKAJI,0.1
2021-06-18,NLCINDIA,0.1
2021-06-18,JKCEMENT,0.1
2021-06-18,EMAMILTD,0.1
2021-06-18,PTCIL,0.1
2021-06-18,INDHOTEL,0.1
2021-06-25,DIXON,0.1
2021-06-25,INDHOTEL,0.1
2021-06-25,SCI,0.1
2021-06-25,FIVESTAR,0.1
2021-06-25,ATUL,0.1
2021-06-25,JSL,0.1
2021-06-25,OBEROIRLTY,0.1
2021-06-25,MRPL,0.1
2021-06-25,AKZOINDIA,0.1
2021-06-25,CRAFTSMAN,0.1
2021-07-02,CHOICEIN,0.1
2021-07-02,INDIAMART,0.1
2021-07-02,FIVESTAR,0.1
2021-07-02,OBEROIRLTY,0.1
2021-07-02,EMAMILTD,0.1
2021-07-02,MAXHEALTH,0.1
2021-07-02,AKZOINDIA,0.1
2021-07-02,SBFC,0.1
2021-07-02,COFORGE,0.1
2021-07-02,THELEELA,0.1
2021-07-09,KOTAKBANK,0.1
2021-07-09,CHOICEIN,0.1
2021-07-09,HCLTECH,0.1
2021-07-09,AKZOINDIA,0.1
2021-07-09,INDUSINDBK,0.1
2021-07-09,BIKAJI,0.1
2021-07-09,SBFC,0.1
2021-07-09,THELEELA,0.1
2021-07-09,IDFCFIRSTB,0.1
2021-07-09,BALRAMCHIN,0.1
2021-07-16,KOTAKBANK,0.1
2021-07-16,CHOICEIN,0.1
2021-07-16,OBEROIRLTY,0.1
2021-07-16,JKCEMENT,0.1
2021-07-16,EXIDEIND,0.1
2021-07-16,VGUARD,0.1
2021-07-16,SCI,0.1
2021-07-16,TATAINVEST,0.1
2021-07-16,EICHERMOT,0.1
2021-07-16,JSWINFRA,0.1
2021-07-23,INDHOTEL,0.1
2021-07-23,KOTAKBANK,0.1
2021-07-23,HAL,0.1
2021-07-23,OBEROIRLTY,0.1
2021-07-23,JSWINFRA,0.1
2021-07-23,EICHERMOT,0.1
2021-07-23,VGUARD,0.1
2021-07-23,RBLBANK,0.1
2021-07-23,AJANTPHARM,0.1
2021-07-23,MAXHEALTH,0.1
2021-07-30,INDHOTEL,0.1
2021-07-30,BEML,0.1
2021-07-30,PIIND,0.1
2021-07-30,OBEROIRLTY,0.1
2021-07-30,JKCEMENT,0.1
2021-07-30,FIVESTAR,0.1
2021-07-30,YESBANK,0.1
2021-07-30,JSWINFRA,0.1
2021-07-30,RBLBANK,0.1
2021-07-30,BANKBARODA,0.1
2021-08-06,BEML,0.1
2021-08-06,INDHOTEL,0.1
2021-08-06,OBEROIRLTY,0.1
2021-08-06,AKZOINDIA,0.1
2021-08-06,FIRSTCRY,0.1
2021-08-06,INDGN,0.1
2021-08-06,ZENTEC,0.1
2021-08-06,SUNDRMFAST,0.1
2021-08-06,DEEPAKFERT,0.1
2021-08-06,INTELLECT,0.1
2021-08-13,EXIDEIND,0.1
2021-08-13,GLENMARK,0.1
2021-08-13,BEML,0.1
2021-08-13,OBEROIRLTY,0.1
2021-08-13,HAL,0.1
2021-08-13,SKFINDIA,0.1
2021-08-13,PTCIL,0.1
2021-08-13,AKZOINDIA,0.1
2021-08-13,TATAINVEST,0.1
2021-08-13,UCOBANK,0.1
2021-08-20,GLENMARK,0.1
2021-08-20,ASTRAL,0.1
2021-08-20,TATAINVEST,0.1
2021-08-20,PTCIL,0.1
2021-08-20,NLCINDIA,0.1
2021-08-20,IKS,0.1
2021-08-20,SUNDRMFAST,0.1
2021-08-20,PIIND,0.1
2021-08-20,SYNGENE,0.1
2021-08-20,AIAENG,0.1
2021-08-27,VTL,0.1
2021-08-27,CCL,0.1
2021-08-27,HDFCBANK,0.1
2021-08-27,GLENMARK,0.1
2021-08-27,SUMICHEM,0.1
2021-08-27,ASTRAL,0.1
2021-08-27,SIEMENS,0.1
2021-08-27,SBFC,0.1
2021-08-27,DBREALTY,0.1
2021-08-27,OBEROIRLTY,0.1
2021-09-03,HCLTECH,0.1
2021-09-03,HDFCBANK,0.1
2021-09-03,SUMICHEM,0.1
2021-09-03,INDUSINDBK,0.1
2021-09-03,CHOICEIN,0.1
2021-09-03,NBCC,0.1
2021-09-03,SYNGENE,0.1
2021-09-03,OBEROIRLTY,0.1
2021-09-03,SUZLON,0.1
2021-09-03,CCL,0.1
2021-09-10,HCLTECH,0.1
2021-09-10,SUZLON,0.1
2021-09-10,NBCC,0.1
2021-09-10,SCI,0.1
2021-09-10,OBEROIRLTY,0.1
2021-09-10,ZENTEC,0.1
2021-09-10,HDFCBANK,0.1
2021-09-10,SYNGENE,0.1
2021-09-10,TTML,0.1
2021-09-10,HBLENGINE,0.1
2021-09-17,CCL,0.1
2021-09-17,TATAINVEST,0.1
2021-09-17,OBEROIRLTY,0.1
2021-09-17,ZENTEC,0.1
2021-09-17,ANANTRAJ,0.1
2021-09-17,SYNGENE,0.1
2021-09-17,AIAENG,0.1
2021-09-17,AJANTPHARM,0.1
2021-09-17,CIPLA,0.1
2021-09-17,EICHERMOT,0.1
2021-09-24,TTML,0.1
2021-09-24,PTCIL,0.1
2021-09-24,MOTHERSON,0.1
2021-09-24,MARICO,0.1
2021-09-24,HDFCAMC,0.1
2021-09-24,GSPL,0.1
2021-09-24,SUMICHEM,0.1
2021-09-24,ZENTEC,0.1
2021-09-24,ABCAPITAL,0.1
2021-09-24,SIEMENS,0.1
2021-10-01,SKFINDIA,0.1
2021-10-01,BEML,0.1
2021-10-01,MARICO,0.1
2021-10-01,SUZLON,0.1
2021-10-01,GLAND,0.1
2021-10-01,OBEROIRLTY,0.1
2021-10-01,JUBLFOOD,0.1
2021-10-01,METROPOLIS,0.1
2021-10-01,HDFCAMC,0.1
2021-10-01,ATUL,0.1
2021-10-08,SUZLON,0.1
2021-10-08,BSE,0.1
2021-10-08,DIXON,0.1
2021-10-08,JUBLFOOD,0.1
2021-10-08,DEVYANI,0.1
2021-10-08,MOTHERSON,0.1
2021-10-08,ATUL,0.1
2021-10-08,ITCHOTELS,0.1
2021-10-08,YESBANK,0.1
2021-10-08,OBEROIRLTY,0.1
2021-10-15,CCL,0.1
2021-10-15,TTML,0.1
2021-10-15,BEML,0.1
2021-10-15,SUZLON,0.1
2021-10-15,DEVYANI,0.1
2021-10-15,PCBL,0.1
2021-10-15,DIXON,0.1
2021-10-15,JUBLFOOD,0.1
2021-10-15,MMTC,0.1
2021-10-15,ITCHOTELS,0.1
2021-10-22,CHOICEIN,0.1
2021-10-22,JUBLPHARMA,0.1
2021-10-22,TTML,0.1
2021-10-22,INDHOTEL,0.1
2021-10-22,IRB,0.1
2021-10-22,PCBL,0.1
2021-10-22,INOXINDIA,0.1
2021-10-22,NBCC,0.1
2021-10-22,HDFCAMC,0.1
2021-10-22,PNBHOUSING,0.1
2021-10-29,STARHEALTH,0.1
2021-10-29,MARICO,0.1
2021-10-29,JUBLPHARMA,0.1
2021-10-29,BEML,0.1
2021-10-29,HAL,0.1
2021-10-29,PNBHOUSING,0.1
2021-10-29,TTML,0.1
2021-10-29,POLYMED,0.1
2021-10-29,BIKAJI,0.1
2021-10-29,NHPC,0.1
2021-11-05,JKCEMENT,0.1
2021-11-05,SCI,0.1
2021-11-05,AIAENG,0.1
2021-11-05,HDFCAMC,0.1
2021-11-05,STARHEALTH,0.1
2021-11-05,VOLTAS,0.1
2021-11-05,PNBHOUSING,0.1
2021-11-05,JUBLPHARMA,0.1
2021-11-05,ALKEM,0.1
2021-11-05,HAL,0.1
2021-11-12,MOTHERSON,0.1
2021-11-12,VGUARD,0.1
2021-11-12,LINDEINDIA,0.1
2021-11-12,THELEELA,0.1
2021-11-12,SCI,0.1
2021-11-12,JKCEMENT,0.1
2021-11-12,ZYDUSLIFE,0.1
2021-11-12,AIAENG,0.1
2021-11-12,HAL,0.1
2021-11-12,STARHEALTH,0.1
2021-11-19,PNBHOUSING,0.1
2021-11-19,LINDEINDIA,0.1
2021-11-19,VGUARD,0.1
2021-11-19,STARHEALTH,0.1
2021-11-19,JKCEMENT,0.1
2021-11-19,PNB,0.1
2021-11-19,ANANTRAJ,0.1
2021-11-19,BATAINDIA,0.1
2021-11-19,TATACHEM,0.1
2021-11-19,INDHOTEL,0.1
2021-11-26,VGUARD,0.1
2021-11-26,STARHEALTH,0.1
2021-11-26,IRB,0.1
2021-11-26,ANANTRAJ,0.1
2021-11-26,POLYMED,0.1
2021-11-26,CGCL,0.1
2021-11-26,JMFINANCIL,0.1
2021-11-26,THELEELA,0.1
2021-11-26,ENDURANCE,0.1
2021-11-26,BEML,0.1
2021-12-03,STARHEALTH,0.1
2021-12-03,SYNGENE,0.1
2021-12-03,APTUS,0.1
2021-12-03,IRB,0.1
2021-12-03,THELEELA,0.1
2021-12-03,BEML,0.1
2021-12-03,TTML,0.1
2021-12-03,ZEEL,0.1
2021-12-03,SCI,0.1
2021-12-03,HBLENGINE,0.1
2021-12-10,JKCEMENT,0.1
2021-12-10,SCI,0.1
2021-12-10,SYNGENE,0.1
2021-12-10,LTIM,0.1
2021-12-10,APTUS,0.1
2021-12-10,JUBLFOOD,0.1
2021-12-10,DIXON,0.1
2021-12-10,ITI,0.1
2021-12-10,PCBL,0.1
2021-12-10,LUPIN,0.1
2021-12-17,GSPL,0.1
2021-12-17,SCI,0.1
2021-12-17,SYNGENE,0.1
2021-12-17,BIKAJI,0.1
2021-12-17,RKFORGE,0.1
2021-12-17,CROMPTON,0.1
2021-12-17,ITI,0.1
2021-12-17,CANBK,0.1
2021-12-17,VGUARD,0.1
2021-12-17,SAREGAMA,0.1
2021-12-24,STARHEALTH,0.1
2021-12-24,GSPL,0.1
2021-12-24,PIIND,0.1
2021-12-24,AIAENG,0.1
2021-12-24,METROPOLIS,0.1
2021-12-24,KOTAKBANK,0.1
2021-12-24,ITI,0.1
2021-12-24,SKFINDIA,0.1
2021-12-24,GLAXO,0.1
2021-12-24,NBCC,0.1
2021-12-31,PIIND,0.1
2021-12-31,JKCEMENT,0.1
2021-12-31,STARHEALTH,0.1
2021-12-31,TTML,0.1
2021-12-31,SYNGENE,0.1
2021-12-31,HCLTECH,0.1
2021-12-31,DIXON,0.1
2021-12-31,CRISIL,0.1
2021-12-31,GLAXO,0.1
2021-12-31,ITI,0.1
2022-01-07,JKCEMENT,0.1
2022-01-07,BEML,0.1
2022-01-07,HCLTECH,0.1
2022-01-07,TTML,0.1
2022-01-07,PIIND,0.1
2022-01-07,GLAXO,0.1
2022-01-07,NBCC,0.1
2022-01-07,KOTAKBANK,0.1
2022-01-07,NAM-INDIA,0.1
2022-01-07,STARHEALTH,0.1
2022-01-14,BEML,0.1
2022-01-14,TORNTPOWER,0.1
2022-01-14,NAM-INDIA,0.1
2022-01-14,VGUARD,0.1
2022-01-14,JUBLFOOD,0.1
2022-01-14,DIXON,0.1
2022-01-14,SOBHA,0.1
2022-01-14,PIIND,0.1
2022-01-14,VOLTAS,0.1
2022-01-14,IKS,0.1
2022-01-21,HAL,0.1
2022-01-21,NAM-INDIA,0.1
2022-01-21,VOLTAS,0.1
2022-01-21,NTPCGREEN,0.1
2022-01-21,IRB,0.1
2022-01-21,IGL,0.1
2022-01-21,JUBLFOOD,0.1
2022-01-21,IPCALAB,0.1
2022-01-21,SOBHA,0.1
2022-01-21,CRISIL,0.1
2022-01-28,NBCC,0.1
2022-01-28,HAL,0.1
2022-01-28,IPCALAB,0.1
2022-01-28,HBLENGINE,0.1
2022-01-28,METROPOLIS,0.1
2022-01-28,NH,0.1
2022-01-28,CROMPTON,0.1
2022-01-28,JUBLFOOD,0.1
2022-01-28,TTML,0.1
2022-01-28,NTPCGREEN,0.1
2022-02-04,NBCC,0.1
2022-02-04,HAL,0.1
2022-02-04,ACC,0.1
2022-02-04,NH,0.1
2022-02-04,IPCALAB,0.1
2022-02-04,IGL,0.1
2022-02-04,ATUL,0.1
2022-02-04,HBLENGINE,0.1
2022-02-04,ZEEL,0.1
2022-02-04,APLLTD,0.1
2022-02-11,MOTHERSON,0.1
2022-02-11,HAL,0.1
2022-02-11,HBLENGINE,0.1
2022-02-11,VTL,0.1
2022-02-11,BALRAMCHIN,0.1
2022-02-11,IGL,0.1
2022-02-11,CONCOR,0.1
2022-02-11,BAJAJ-AUTO,0.1
2022-02-11,COALINDIA,0.1
2022-02-11,ZEEL,0.1
2022-02-18,HAL,0.1
2022-02-18,HBLENGINE,0.1
2022-02-18,IRB,0.1
2022-02-18,IGL,0.1
2022-02-18,CROMPTON,0.1
2022-02-18,ATUL,0.1
2022-02-18,CONCOR,0.1
2022-02-18,NAM-INDIA,0.1
2022-02-18,GSPL,0.1
2022-02-18,ANANDRATHI,0.1
2022-02-25,NBCC,0.1
2022-02-25,VOLTAS,0.1
2022-02-25,IRB,0.1
2022-02-25,NHPC,0.1
2022-02-25,HDFCAMC,0.1
2022-02-25,CASTROLIND,0.1
2022-02-25,MSUMI,0.1
2022-02-25,AIAENG,0.1
2022-02-25,LTIM,0.1
2022-02-25,NAM-INDIA,0.1
2022-03-04,HDFCAMC,0.1
2022-03-04,VGUARD,0.1
2022-03-04,MSUMI,0.1
2022-03-04,TIMKEN,0.1
2022-03-04,NAM-INDIA,0.1
2022-03-04,CONCORDBIO,0.1
2022-03-04,CAMS,0.1
2022-03-04,AIAENG,0.1
2022-03-04,IRB,0.1
2022-03-04,PTCIL,0.1
2022-03-11,JKCEMENT,0.1
2022-03-11,CEATLTD,0.1
2022-03-11,TIMKEN,0.1
2022-03-11,CAMS,0.1
2022-03-11,CONCOR,0.1
2022-03-11,SARDAEN,0.1
2022-03-11,CHOLAFIN,0.1
2022-03-11,ANANDRATHI,0.1
2022-03-11,HDFCAMC,0.1
2022-03-11,INDHOTEL,0.1
2022-03-18,ANANDRATHI,0.1
2022-03-18,SARDAEN,0.1
2022-03-18,TIMKEN,0.1
2022-03-18,DABUR,0.1
2022-03-18,KOTAKBANK,0.1
2022-03-18,SCI,0.1
2022-03-18,SYNGENE,0.1
2022-03-18,CHOLAFIN,0.1
2022-03-18,NBCC,0.1
2022-03-18,INDHOTEL,0.1
2022-03-25,RKFORGE,0.1
2022-03-25,FINPIPE,0.1
2022-03-25,BIOCON,0.1
2022-03-25,MINDACORP,0.1
2022-03-25,JUBLFOOD,0.1
2022-03-25,SARDAEN,0.1
2022-03-25,INDHOTEL,0.1
2022-03-25,JKTYRE,0.1
2022-03-25,KOTAKBANK,0.1
2022-03-25,NATIONALUM,0.1
2022-04-01,RKFORGE,0.1
2022-04-01,HBLENGINE,0.1
2022-04-01,GODREJPROP,0.1
2022-04-01,CASTROLIND,0.1
2022-04-01,CEATLTD,0.1
2022-04-01,MSUMI,0.1
2022-04-01,JUBLFOOD,0.1
2022-04-01,CROMPTON,0.1
2022-04-01,MINDACORP,0.1
2022-04-01,SARDAEN,0.1
2022-04-08,RKFORGE,0.1
2022-04-08,HBLENGINE,0.1
2022-04-08,GODREJPROP,0.1
2022-04-08,CHOLAFIN,0.1
2022-04-08,HEROMOTOCO,0.1
2022-04-08,METROPOLIS,0.1
2022-04-08,JUBLFOOD,0.1
2022-04-08,CAMS,0.1
2022-04-08,TORNTPOWER,0.1
2022-04-08,CASTROLIND,0.1
2022-04-15,JKCEMENT,0.1
2022-04-15,RKFORGE,0.1
2022-04-15,HBLENGINE,0.1
2022-04-15,IFCI,0.1
2022-04-15,CHOLAFIN,0.1
2022-04-15,BAJAJHFL,0.1
2022-04-15,VGUARD,0.1
2022-04-15,SUZLON,0.1
2022-04-15,CASTROLIND,0.1
2022-04-15,BALRAMCHIN,0.1
2022-04-22,SCI,0.1
2022-04-22,IFCI,0.1
2022-04-22,BAJAJHFL,0.1
2022-04-22,BALRAMCHIN,0.1
2022-04-22,CASTROLIND,0.1
2022-04-22,NTPC,0.1
2022-04-22,CHOLAFIN,0.1
2022-04-22,BHARATFORG,0.1
2022-04-22,HDFCAMC,0.1
2022-04-22,ASTRAZEN,0.1
2022-04-29,CONCORDBIO,0.1
2022-04-29,MSUMI,0.1
2022-04-29,CHOLAFIN,0.1
2022-04-29,SUNDRMFAST,0.1
2022-04-29,SARDAEN,0.1
2022-04-29,HBLENGINE,0.1
2022-04-29,BAJAJHFL,0.1
2022-04-29,SONATSOFTW,0.1
2022-04-29,WELSPUNLIV,0.1
2022-04-29,APOLLOHOSP,0.1
2022-05-06,CONCORDBIO,0.1
2022-05-06,ASTRAZEN,0.1
2022-05-06,CASTROLIND,0.1
2022-05-06,BAJAJ-AUTO,0.1
2022-05-06,DEVYANI,0.1
2022-05-06,DABUR,0.1
2022-05-06,TORNTPHARM,0.1
2022-05-06,IDBI,0.1
2022-05-06,NEULANDLAB,0.1
2022-05-06,KOTAKBANK,0.1
2022-05-13,JKCEMENT,0.1
2022-05-13,NEULANDLAB,0.1
2022-05-13,COCHINSHIP,0.1
2022-05-13,BANDHANBNK,0.1
2022-05-13,STARHEALTH,0.1
2022-05-13,MSUMI,0.1
2022-05-13,IDBI,0.1
2022-05-13,IPCALAB,0.1
2022-05-13,DEVYANI,0.1
2022-05-13,BAJAJ-AUTO,0.1
2022-05-20,JKCEMENT,0.1
2022-05-20,STARHEALTH,0.1
2022-05-20,GSPL,0.1
2022-05-20,ASIANPAINT,0.1
2022-05-20,COCHINSHIP,0.1
2022-05-20,BANDHANBNK,0.1
2022-05-20,ACC,0.1
2022-05-20,ACE,0.1
2022-05-20,ASTRAZEN,0.1
2022-05-20,NTPC,0.1
2022-05-27,ICICIGI,0.1
2022-05-27,WELSPUNLIV,0.1
2022-05-27,UNOMINDA,0.1
2022-05-27,JKCEMENT,0.1
2022-05-27,SCHNEIDER,0.1
2022-05-27,CROMPTON,0.1
2022-05-27,OLAELEC,0.1
2022-05-27,CONCORDBIO,0.1
2022-05-27,LLOYDSME,0.1
2022-05-27,VTL,0.1
2022-06-03,CHOLAFIN,0.1
2022-06-03,WELSPUNLIV,0.1
2022-06-03,MCX,0.1
2022-06-03,IGL,0.1
2022-06-03,ZFCVINDIA,0.1
2022-06-03,ICICIGI,0.1
2022-06-03,IRB,0.1
2022-06-03,ATGL,0.1
2022-06-03,SARDAEN,0.1
2022-06-03,TIMKEN,0.1
2022-06-10,VOLTAS,0.1
2022-06-10,WELSPUNLIV,0.1
2022-06-10,HBLENGINE,0.1
2022-06-10,CHOLAFIN,0.1
2022-06-10,NBCC,0.1
2022-06-10,HAL,0.1
2022-06-10,GLAXO,0.1
2022-06-10,SOBHA,0.1
2022-06-10,IGL,0.1
2022-06-10,OLAELEC,0.1
2022-06-17,HBLENGINE,0.1
2022-06-17,IRB,0.1
2022-06-17,TECHM,0.1
2022-06-17,BIOCON,0.1
2022-06-17,HDFCBANK,0.1
2022-06-17,BAJAJ-AUTO,0.1
2022-06-17,LTF,0.1
2022-06-17,FINPIPE,0.1
2022-06-17,ATUL,0.1
2022-06-17,SOBHA,0.1
2022-06-24,VGUARD,0.1
2022-06-24,MCX,0.1
2022-06-24,HBLENGINE,0.1
2022-06-24,HCLTECH,0.1
2022-06-24,POONAWALLA,0.1
2022-06-24,EICHERMOT,0.1
2022-06-24,LLOYDSME,0.1
2022-06-24,IDFCFIRSTB,0.1
2022-06-24,BIOCON,0.1
2022-06-24,BAJAJ-AUTO,0.1
2022-07-01,HCLTECH,0.1
2022-07-01,POONAWALLA,0.1
2022-07-01,MCX,0.1
2022-07-01,GSPL,0.1
2022-07-01,JSWENERGY,0.1
2022-07-01,PTCIL,0.1
2022-07-01,APOLLOHOSP,0.1
2022-07-01,DUMMYSKFIN,0.1
2022-07-01,HBLENGINE,0.1
2022-07-01,ATUL,0.1
2022-07-08,NATIONALUM,0.1
2022-07-08,HAL,0.1
2022-07-08,IDFCFIRSTB,0.1
2022-07-08,GSPL,0.1
2022-07-08,ICICIGI,0.1
2022-07-08,BRITANNIA,0.1
2022-07-08,DIXON,0.1
2022-07-08,ATUL,0.1
2022-07-08,APLAPOLLO,0.1
2022-07-08,SCI,0.1
2022-07-15,SOBHA,0.1
2022-07-15,DIXON,0.1
2022-07-15,GLAXO,0.1
2022-07-15,RKFORGE,0.1
2022-07-15,DUMMYSKFIN,0.1
2022-07-15,LICHSGFIN,0.1
2022-07-15,ITCHOTELS,0.1
2022-07-15,ATUL,0.1
2022-07-15,ELECON,0.1
2022-07-15,BHARATFORG,0.1
2022-07-22,CASTROLIND,0.1
2022-07-22,SCHNEIDER,0.1
2022-07-22,DIXON,0.1
2022-07-22,NATIONALUM,0.1
2022-07-22,TRENT,0.1
2022-07-22,NH,0.1
2022-07-22,FIRSTCRY,0.1
2022-07-22,JUBLFOOD,0.1
2022-07-22,BAJFINANCE,0.1
2022-07-22,IDFCFIRSTB,0.1
2022-07-29,IDFCFIRSTB,0.1
2022-07-29,SCHNEIDER,0.1
2022-07-29,NATIONALUM,0.1
2022-07-29,SOBHA,0.1
2022-07-29,JKCEMENT,0.1
2022-07-29,RKFORGE,0.1
2022-07-29,ONGC,0.1
2022-07-29,TORNTPHARM,0.1
2022-07-29,FIRSTCRY,0.1
2022-07-29,ASTRAZEN,0.1
2022-08-05,AXISBANK,0.1
2022-08-05,JKCEMENT,0.1
2022-08-05,PAGEIND,0.1
2022-08-05,SOBHA,0.1
2022-08-05,GAIL,0.1
2022-08-05,CAMPUS,0.1
2022-08-05,NH,0.1
2022-08-05,ASTRAZEN,0.1
2022-08-05,ATGL,0.1
2022-08-05,SBILIFE,0.1
2022-08-12,AXISBANK,0.1
2022-08-12,HBLENGINE,0.1
2022-08-12,SOBHA,0.1
2022-08-12,SCHNEIDER,0.1
2022-08-12,HCLTECH,0.1
2022-08-12,NH,0.1
2022-08-12,ABBOTINDIA,0.1
2022-08-12,BRIGADE,0.1
2022-08-12,GSPL,0.1
2022-08-12,BAJAJHLDNG,0.1
2022-08-19,JSWENERGY,0.1
2022-08-19,SAIL,0.1
2022-08-19,SUMICHEM,0.1
2022-08-19,HCLTECH,0.1
2022-08-19,NATIONALUM,0.1
2022-08-19,ABBOTINDIA,0.1
2022-08-19,WELCORP,0.1
2022-08-19,FACT,0.1
2022-08-19,BRIGADE,0.1
2022-08-19,CENTURYPLY,0.1
2022-08-26,SAIL,0.1
2022-08-26,CENTURYPLY,0.1
2022-08-26,ASIANPAINT,0.1
2022-08-26,ZFCVINDIA,0.1
2022-08-26,HEROMOTOCO,0.1
2022-08-26,SUMICHEM,0.1
2022-08-26,BHARTIARTL,0.1
2022-08-26,TCS,0.1
2022-08-26,ABBOTINDIA,0.1
2022-08-26,NAUKRI,0.1
2022-09-02,HBLENGINE,0.1
2022-09-02,SAIL,0.1
2022-09-02,EICHERMOT,0.1
2022-09-02,BHARTIARTL,0.1
2022-09-02,TRENT,0.1
2022-09-02,TIMKEN,0.1
2022-09-02,NTPC,0.1
2022-09-02,SONATSOFTW,0.1
2022-09-02,ZFCVINDIA,0.1
2022-09-02,BAJAJHLDNG,0.1
2022-09-09,JKCEMENT,0.1
2022-09-09,APOLLOHOSP,0.1
2022-09-09,SAIL,0.1
2022-09-09,NETWEB,0.1
2022-09-09,BAJAJ-AUTO,0.1
2022-09-09,NTPC,0.1
2022-09-09,LLOYDSME,0.1
2022-09-09,OLAELEC,0.1
2022-09-09,GSPL,0.1
2022-09-09,TRENT,0.1
2022-09-16,JKCEMENT,0.1
2022-09-16,SAIL,0.1
2022-09-16,IDFCFIRSTB,0.1
2022-09-16,AXISBANK,0.1
2022-09-16,ICICIBANK,0.1
2022-09-16,SUPREMEIND,0.1
2022-09-16,APOLLOHOSP,0.1
2022-09-16,SUMICHEM,0.1
2022-09-16,GSPL,0.1
2022-09-16,ASTRAZEN,0.1
2022-09-23,AXISBANK,0.1
2022-09-23,ICICIBANK,0.1
2022-09-23,CARBORUNIV,0.1
2022-09-23,FORCEMOT,0.1
2022-09-23,BAJAJHLDNG,0.1
2022-09-23,JIOFIN,0.1
2022-09-23,RHIM,0.1
2022-09-23,JKCEMENT,0.1
2022-09-23,NEULANDLAB,0.1
2022-09-23,ENDURANCE,0.1
2022-09-30,ELECON,0.1
2022-09-30,SCHNEIDER,0.1
2022-09-30,BAJAJHLDNG,0.1
2022-09-30,SONATSOFTW,0.1
2022-09-30,ASTERDM,0.1
2022-09-30,LALPATHLAB,0.1
2022-09-30,ICICIBANK,0.1
2022-09-30,SHYAMMETL,0.1
2022-09-30,APOLLOHOSP,0.1
2022-09-30,SOBHA,0.1
2022-10-07,CHOLAHLDNG,0.1
2022-10-07,DEVYANI,0.1
2022-10-07,SAIL,0.1
2022-10-07,SONATSOFTW,0.1
2022-10-07,CENTURYPLY,0.1
2022-10-07,FORCEMOT,0.1
2022-10-07,BEML,0.1
2022-10-07,GLAXO,0.1
2022-10-07,CUB,0.1
2022-10-07,WELSPUNLIV,0.1
2022-10-14,CASTROLIND,0.1
2022-10-14,HCLTECH,0.1
2022-10-14,DEVYANI,0.1
2022-10-14,SUPREMEIND,0.1
2022-10-14,ICICIGI,0.1
2022-10-14,SOBHA,0.1
2022-10-14,MAHABANK,0.1
2022-10-14,JIOFIN,0.1
2022-10-14,CHOLAHLDNG,0.1
2022-10-14,POLICYBZR,0.1
2022-10-21,HCLTECH,0.1
2022-10-21,ICICIGI,0.1
2022-10-21,KOTAKBANK,0.1
2022-10-21,ICICIPRULI,0.1
2022-10-21,NH,0.1
2022-10-21,ASTRAZEN,0.1
2022-10-21,RKFORGE,0.1
2022-10-21,PIIND,0.1
2022-10-21,CHOLAHLDNG,0.1
2022-10-21,POLICYBZR,0.1
2022-10-28,ICICIGI,0.1
2022-10-28,HEROMOTOCO,0.1
2022-10-28,HCLTECH,0.1
2022-10-28,LT,0.1
2022-10-28,USHAMART,0.1
2022-10-28,ICICIPRULI,0.1
2022-10-28,PIIND,0.1
2022-10-28,CHOLAHLDNG,0.1
2022-10-28,ELECON,0.1
2022-10-28,POLICYBZR,0.1
2022-11-04,JSWENERGY,0.1
2022-11-04,HEROMOTOCO,0.1
2022-11-04,GAIL,0.1
2022-11-04,ITCHOTELS,0.1
2022-11-04,ELECON,0.1
2022-11-04,CUMMINSIND,0.1
2022-11-04,PIIND,0.1
2022-11-04,ICICIPRULI,0.1
2022-11-04,CANFINHOME,0.1
2022-11-04,RKFORGE,0.1
2022-11-11,INDHOTEL,0.1
2022-11-11,JKCEMENT,0.1
2022-11-11,GAIL,0.1
2022-11-11,TIMKEN,0.1
2022-11-11,SCI,0.1
2022-11-11,KALYANKJIL,0.1
2022-11-11,ASTERDM,0.1
2022-11-11,NAUKRI,0.1
2022-11-11,FINCABLES,0.1
2022-11-11,ADANIGREEN,0.1
2022-11-18,ICICIGI,0.1
2022-11-18,CHOLAFIN,0.1
2022-11-18,TIMKEN,0.1
2022-11-18,NTPCGREEN,0.1
2022-11-18,GAIL,0.1
2022-11-18,NAUKRI,0.1
2022-11-18,SCI,0.1
2022-11-18,JSWINFRA,0.1
2022-11-18,CUMMINSIND,0.1
2022-11-18,RKFORGE,0.1
2022-11-25,ICICIGI,0.1
2022-11-25,CASTROLIND,0.1
2022-11-25,HCLTECH,0.1
2022-11-25,CHOLAFIN,0.1
2022-11-25,GSPL,0.1
2022-11-25,KOTAKBANK,0.1
2022-11-25,GRASIM,0.1
2022-11-25,POONAWALLA,0.1
2022-11-25,APTUS,0.1
2022-11-25,SCI,0.1
2022-12-02,CASTROLIND,0.1
2022-12-02,CHOLAFIN,0.1
2022-12-02,ICICIBANK,0.1
2022-12-02,MSUMI,0.1
2022-12-02,MAHABANK,0.1
2022-12-02,DEEPAKNTR,0.1
2022-12-02,FEDERALBNK,0.1
2022-12-02,GRASIM,0.1
2022-12-02,CUB,0.1
2022-12-02,SHYAMMETL,0.1
2022-12-09,ICICIBANK,0.1
2022-12-09,CHOLAFIN,0.1
2022-12-09,ITCHOTELS,0.1
2022-12-09,BHARTIARTL,0.1
2022-12-09,CUB,0.1
2022-12-09,CASTROLIND,0.1
2022-12-09,DEEPAKNTR,0.1
2022-12-09,TRIDENT,0.1
2022-12-09,ANANDRATHI,0.1
2022-12-09,MSUMI,0.1
2022-12-16,ICICIBANK,0.1
2022-12-16,BLUEDART,0.1
2022-12-16,MSUMI,0.1
2022-12-16,DEVYANI,0.1
2022-12-16,CHOLAFIN,0.1
2022-12-16,COCHINSHIP,0.1
2022-12-16,ASTERDM,0.1
2022-12-16,UNOMINDA,0.1
2022-12-16,CUB,0.1
2022-12-16,BHARTIARTL,0.1
2022-12-23,BRITANNIA,0.1
2022-12-23,CHOLAFIN,0.1
2022-12-23,SHYAMMETL,0.1
2022-12-23,HCLTECH,0.1
2022-12-23,CASTROLIND,0.1
2022-12-23,ASTERDM,0.1
2022-12-23,SBICARD,0.1
2022-12-23,BRIGADE,0.1
2022-12-23,RRKABEL,0.1
2022-12-23,MUTHOOTFIN,0.1
2022-12-30,BRITANNIA,0.1
2022-12-30,ANANTRAJ,0.1
2022-12-30,IRB,0.1
2022-12-30,HINDCOPPER,0.1
2022-12-30,DEEPAKNTR,0.1
2022-12-30,IKS,0.1
2022-12-30,NTPCGREEN,0.1
2022-12-30,RRKABEL,0.1
2022-12-30,INDIANB,0.1
2022-12-30,COALINDIA,0.1
2023-01-06,BRITANNIA,0.1
2023-01-06,ANANTRAJ,0.1
2023-01-06,ANANDRATHI,0.1
2023-01-06,BASF,0.1
2023-01-06,HINDCOPPER,0.1
2023-01-06,IRB,0.1
2023-01-06,IKS,0.1
2023-01-06,KOTAKBANK,0.1
2023-01-06,DEEPAKNTR,0.1
2023-01-06,AXISBANK,0.1
2023-01-13,ANANDRATHI,0.1
2023-01-13,ASTRAL,0.1
2023-01-13,BRITANNIA,0.1
2023-01-13,IGL,0.1
2023-01-13,SUMICHEM,0.1
2023-01-13,IKS,0.1
2023-01-13,AXISBANK,0.1
2023-01-13,DEEPAKNTR,0.1
2023-01-13,ZENSARTECH,0.1
2023-01-13,BASF,0.1
2023-01-20,SAILIFE,0.1
2023-01-20,BAJAJHLDNG,0.1
2023-01-20,HCLTECH,0.1
2023-01-20,AKUMS,0.1
2023-01-20,MRPL,0.1
2023-01-20,SUMICHEM,0.1
2023-01-20,ANANDRATHI,0.1
2023-01-20,TRIDENT,0.1
2023-01-20,ABCAPITAL,0.1
2023-01-20,APOLLOTYRE,0.1
2023-08-18,GMDCLTD,0.1
2023-08-18,MANAPPURAM,0.1
2023-08-18,HINDPETRO,0.1
2023-08-18,EMCURE,0.1
2023-08-18,APLLTD,0.1
2023-08-18,OFSS,0.1
2023-08-18,ABB,0.1
2023-08-18,RAMCOCEM,0.1
2023-08-18,PIDILITIND,0.1
2023-08-18,REDINGTON,0.1
2023-08-25,INOXWIND,0.1
2023-08-25,MANAPPURAM,0.1
2023-08-25,HINDPETRO,0.1
2023-08-25,AUROPHARMA,0.1
2023-08-25,JKTYRE,0.1
2023-08-25,COHANCE,0.1
2023-08-25,ABB,0.1
2023-08-25,HEG,0.1
2023-08-25,KEI,0.1
2023-08-25,APLLTD,0.1
2023-09-01,KIRLOSENG,0.1
2023-09-01,JKTYRE,0.1
2023-09-01,FORCEMOT,0.1
2023-09-01,DMART,0.1
2023-09-01,TBOTEK,0.1
2023-09-01,OFSS,0.1
2023-09-01,AUROPHARMA,0.1
2023-09-01,JUBLINGREA,0.1
2023-09-01,ABB,0.1
2023-09-01,HEG,0.1
2023-09-08,KIRLOSENG,0.1
2023-09-08,COLPAL,0.1
2023-09-08,ASAHIINDIA,0.1
2023-09-08,DMART,0.1
2023-09-08,JPPOWER,0.1
2023-09-08,BOSCHLTD,0.1
2023-09-08,OFSS,0.1
2023-09-08,NIACL,0.1
2023-09-08,MANAPPURAM,0.1
2023-09-08,JKTYRE,0.1
2023-09-15,KIRLOSENG,0.1
2023-09-15,COROMANDEL,0.1
2023-09-15,LTF,0.1
2023-09-15,COLPAL,0.1
2023-09-15,KIRLOSBROS,0.1
2023-09-15,CHALET,0.1
2023-09-15,UNITDSPR,0.1
2023-09-15,INDIACEM,0.1
2023-09-15,CLEAN,0.1
2023-09-15,ABB,0.1
2023-09-22,ABFRL,0.1
2023-09-22,KIRLOSENG,0.1
2023-09-22,KIRLOSBROS,0.1
2023-09-22,JYOTHYLAB,0.1
2023-09-22,HONASA,0.1
2023-09-22,ACMESOLAR,0.1
2023-09-22,DMART,0.1
2023-09-22,UNITDSPR,0.1
2023-09-22,BSOFT,0.1
2023-09-22,COROMANDEL,0.1
2023-09-29,ACMESOLAR,0.1
2023-09-29,COROMANDEL,0.1
2023-09-29,BSOFT,0.1
2023-09-29,JUBLINGREA,0.1
2023-09-29,DMART,0.1
2023-09-29,APLLTD,0.1
2023-09-29,ABFRL,0.1
2023-09-29,KIRLOSENG,0.1
2023-09-29,INDIACEM,0.1
2023-09-29,JINDALSAW,0.1
2023-10-06,TBOTEK,0.1
2023-10-06,CANFINHOME,0.1
2023-10-06,SAILIFE,0.1
2023-10-06,KEC,0.1
2023-10-06,CUMMINSIND,0.1
2023-10-06,BSOFT,0.1
2023-10-06,SONATSOFTW,0.1
2023-10-06,HYUNDAI,0.1
2023-10-06,IDFCFIRSTB,0.1
2023-10-06,SBILIFE,0.1
2023-10-13,STARHEALTH,0.1
2023-10-13,BSOFT,0.1
2023-10-13,GMDCLTD,0.1
2023-10-13,IRCTC,0.1
2023-10-13,CUMMINSIND,0.1
2023-10-13,TATAINVEST,0.1
2023-10-13,JPPOWER,0.1
2023-10-13,MAHSCOOTER,0.1
2023-10-13,IDFCFIRSTB,0.1
2023-10-13,INTELLECT,0.1
2023-10-20,HYUNDAI,0.1
2023-10-20,INTELLECT,0.1
2023-10-20,RCF,0.1
2023-10-20,CUMMINSIND,0.1
2023-10-20,AFCONS,0.1
2023-10-20,IRCTC,0.1
2023-10-20,ANANTRAJ,0.1
2023-10-20,HONAUT,0.1
2023-10-20,ASTRAZEN,0.1
2023-10-20,HSCL,0.1
2023-10-27,PERSISTENT,0.1
2023-10-27,BSOFT,0.1
2023-10-27,CRAFTSMAN,0.1
2023-10-27,CHENNPETRO,0.1
2023-10-27,ASTRAL,0.1
2023-10-27,LAURUSLABS,0.1
2023-10-27,HONAUT,0.1
2023-10-27,BALRAMCHIN,0.1
2023-10-27,ASTRAZEN,0.1
2023-10-27,RAMCOCEM,0.1
2023-11-03,SOLARINDS,0.1
2023-11-03,TBOTEK,0.1
2023-11-03,ADANIPORTS,0.1
2023-11-03,MANAPPURAM,0.1
2023-11-03,CHAMBLFERT,0.1
2023-11-03,COLPAL,0.1
2023-11-03,KIRLOSBROS,0.1
2023-11-03,LAURUSLABS,0.1
2023-11-03,RAMCOCEM,0.1
2023-11-03,SONATSOFTW,0.1
2023-11-10,SAILIFE,0.1
2023-11-10,SOLARINDS,0.1
2023-11-10,ADANIENT,0.1
2023-11-10,JINDALSTEL,0.1
2023-11-10,JKTYRE,0.1
2023-11-10,CANBK,0.1
2023-11-10,RAMCOCEM,0.1
2023-11-10,LAURUSLABS,0.1
2023-11-10,ABFRL,0.1
2023-11-10,JUBLPHARMA,0.1
2023-11-17,RAMCOCEM,0.1
2023-11-17,POLYMED,0.1
2023-11-17,BATAINDIA,0.1
2023-11-17,ANANDRATHI,0.1
2023-11-17,JUBLPHARMA,0.1
2023-11-17,ABB,0.1
2023-11-17,KOTAKBANK,0.1
2023-11-17,LAURUSLABS,0.1
2023-11-17,JPPOWER,0.1
2023-11-17,RELIANCE,0.1
2023-11-24,RELIANCE,0.1
2023-11-24,SONATSOFTW,0.1
2023-11-24,LALPATHLAB,0.1
2023-11-24,ABB,0.1
2023-11-24,PIIND,0.1
2023-11-24,ZENSARTECH,0.1
2023-11-24,PERSISTENT,0.1
2023-11-24,POLYMED,0.1
2023-11-24,CENTURYPLY,0.1
2023-11-24,MARUTI,0.1
2023-12-01,CUMMINSIND,0.1
2023-12-01,J&KBANK,0.1
2023-12-01,RAINBOW,0.1
2023-12-01,RRKABEL,0.1
2023-12-01,SONATSOFTW,0.1
2023-12-01,ABB,0.1
2023-12-01,LALPATHLAB,0.1
2023-12-01,MPHASIS,0.1
2023-12-01,BANKBARODA,0.1
2023-12-01,APLLTD,0.1
2023-12-08,ADANIPORTS,0.1
2023-12-08,CUMMINSIND,0.1
2023-12-08,LALPATHLAB,0.1
2023-12-08,COLPAL,0.1
2023-12-08,FACT,0.1
2023-12-08,PIIND,0.1
2023-12-08,TATAMOTORS,0.1
2023-12-08,RRKABEL,0.1
2023-12-08,KIRLOSBROS,0.1
2023-12-08,MANAPPURAM,0.1
2023-12-15,FACT,0.1
2023-12-15,AMBUJACEM,0.1
2023-12-15,JPPOWER,0.1
2023-12-15,KPITTECH,0.1
2023-12-15,LALPATHLAB,0.1
2023-12-15,POLYMED,0.1
2023-12-15,J&KBANK,0.1
2023-12-15,ADANIENT,0.1
2023-12-15,ASTRAZEN,0.1
2023-12-15,COLPAL,0.1
2023-12-22,LALPATHLAB,0.1
2023-12-22,BSOFT,0.1
2023-12-22,STARHEALTH,0.1
2023-12-22,HDFCLIFE,0.1
2023-12-22,DALBHARAT,0.1
2023-12-22,UNITDSPR,0.1
2023-12-22,JSWSTEEL,0.1
2023-12-22,PIIND,0.1
2023-12-22,BALRAMCHIN,0.1
2023-12-22,ADANIENT,0.1
2023-12-29,LALPATHLAB,0.1
2023-12-29,HDFCLIFE,0.1
2023-12-29,BSOFT,0.1
2023-12-29,MOTILALOFS,0.1
2023-12-29,PIIND,0.1
2023-12-29,NAM-INDIA,0.1
2023-12-29,SWANCORP,0.1
2023-12-29,DALBHARAT,0.1
2023-12-29,ZYDUSLIFE,0.1
2023-12-29,AFCONS,0.1
2024-01-05,PIIND,0.1
2024-01-05,FACT,0.1
2024-01-05,AIAENG,0.1
2024-01-05,BSOFT,0.1
2024-01-05,APLLTD,0.1
2024-01-05,ESCORTS,0.1
2024-01-05,MOTILALOFS,0.1
2024-01-05,NIACL,0.1
2024-01-05,JUBLINGREA,0.1
2024-01-05,HDFCLIFE,0.1
2024-01-12,LALPATHLAB,0.1
2024-01-12,J&KBANK,0.1
2024-01-12,SAIL,0.1
2024-01-12,NIACL,0.1
2024-01-12,HDFCBANK,0.1
2024-01-12,ESCORTS,0.1
2024-01-12,SRF,0.1
2024-01-12,APLLTD,0.1
2024-01-12,KIMS,0.1
2024-01-12,JUBLINGREA,0.1
2024-01-19,SAIL,0.1
2024-01-19,LUPIN,0.1
2024-01-19,LALPATHLAB,0.1
2024-01-19,SRF,0.1
2024-01-19,ESCORTS,0.1
2024-01-19,TIINDIA,0.1
2024-01-19,APLAPOLLO,0.1
2024-01-19,TATAINVEST,0.1
2024-01-19,JUBLINGREA,0.1
2024-01-19,CENTURYPLY,0.1
2024-01-26,LALPATHLAB,0.1
2024-01-26,SKFINDIA,0.1
2024-01-26,SAILIFE,0.1
2024-01-26,ABFRL,0.1
2024-01-26,JPPOWER,0.1
2024-01-26,TIINDIA,0.1
2024-01-26,RRKABEL,0.1
2024-01-26,GMDCLTD,0.1
2024-01-26,GILLETTE,0.1
2024-01-26,KIRLOSENG,0.1
2024-02-02,CANBK,0.1
2024-02-02,LALPATHLAB,0.1
2024-02-02,RRKABEL,0.1
2024-02-02,ZENSARTECH,0.1
2024-02-02,PIIND,0.1
2024-02-02,GMDCLTD,0.1
2024-02-02,GLAXO,0.1
2024-02-02,GRAVITA,0.1
2024-02-02,ASTRAZEN,0.1
2024-02-02,ZYDUSLIFE,0.1
2024-02-09,AADHARHFC,0.1
2024-02-09,GMDCLTD,0.1
2024-02-09,RELIANCE,0.1
2024-02-09,CANBK,0.1
2024-02-09,DALBHARAT,0.1
2024-02-09,ACE,0.1
2024-02-09,ANANTRAJ,0.1
2024-02-09,BAJFINANCE,0.1
2024-02-09,WAAREEENER,0.1
2024-02-09,TRIVENI,0.1
2024-02-16,M&M,0.1
2024-02-16,JINDALSAW,0.1
2024-02-16,HDFCBANK,0.1
2024-02-16,KOTAKBANK,0.1
2024-02-16,GMDCLTD,0.1
2024-02-16,HDFCAMC,0.1
2024-02-16,JUBLINGREA,0.1
2024-02-16,CAMPUS,0.1
2024-02-16,KARURVYSYA,0.1
2024-02-16,RRKABEL,0.1
2024-02-23,SAILIFE,0.1
2024-02-23,JSWSTEEL,0.1
2024-02-23,NAM-INDIA,0.1
2024-02-23,KOTAKBANK,0.1
2024-02-23,KARURVYSYA,0.1
2024-02-23,AIAENG,0.1
2024-02-23,JUBLINGREA,0.1
2024-02-23,RECLTD,0.1
2024-02-23,DALBHARAT,0.1
2024-02-23,HDFCBANK,0.1
2024-03-01,SAILIFE,0.1
2024-03-01,KARURVYSYA,0.1
2024-03-01,AIAENG,0.1
2024-03-01,HDFCBANK,0.1
2024-03-01,JPPOWER,0.1
2024-03-01,ZENSARTECH,0.1
2024-03-01,KOTAKBANK,0.1
2024-03-01,HDFCAMC,0.1
2024-03-01,RECLTD,0.1
2024-03-01,GILLETTE,0.1
2024-03-08,EICHERMOT,0.1
2024-03-08,RECLTD,0.1
2024-03-08,AIAENG,0.1
2024-03-08,JSWENERGY,0.1
2024-03-08,HCLTECH,0.1
2024-03-08,HONASA,0.1
2024-03-08,BSOFT,0.1
2024-03-08,RELIANCE,0.1
2024-03-08,JINDALSAW,0.1
2024-03-08,ZENSARTECH,0.1
2024-03-15,JSWSTEEL,0.1
2024-03-15,AIAENG,0.1
2024-03-15,CAMPUS,0.1
2024-03-15,HCLTECH,0.1
2024-03-15,PATANJALI,0.1
2024-03-15,LICI,0.1
2024-03-15,RELIANCE,0.1
2024-03-15,TATAMOTORS,0.1
2024-03-15,JSWENERGY,0.1
2024-03-15,RVNL,0.1
2024-03-22,GLENMARK,0.1
2024-03-22,TATAMOTORS,0.1
2024-03-22,JPPOWER,0.1
2024-03-22,CAMPUS,0.1
2024-03-22,SWANCORP,0.1
2024-03-22,JSWENERGY,0.1
2024-03-22,KOTAKBANK,0.1
2024-03-22,JSWSTEEL,0.1
2024-03-22,SKFINDIA,0.1
2024-03-22,PATANJALI,0.1
2024-03-29,JPPOWER,0.1
2024-03-29,BHEL,0.1
2024-03-29,SWANCORP,0.1
2024-03-29,DALBHARAT,0.1
2024-03-29,POWERINDIA,0.1
2024-03-29,NCC,0.1
2024-03-29,VGUARD,0.1
2024-03-29,HDFCAMC,0.1
2024-03-29,DATAPATTNS,0.1
2024-03-29,CENTURYPLY,0.1
2024-04-05,M&M,0.1
2024-04-05,EICHERMOT,0.1
2024-04-05,JPPOWER,0.1
2024-04-05,ZENSARTECH,0.1
2024-04-05,BIOCON,0.1
2024-04-05,PIIND,0.1
2024-04-05,DALBHARAT,0.1
2024-04-05,SWANCORP,0.1
2024-04-05,HDFCAMC,0.1
2024-04-05,PNB,0.1
2024-04-12,M&M,0.1
2024-04-12,ZENSARTECH,0.1
2024-04-12,WIPRO,0.1
2024-04-12,RVNL,0.1
2024-04-12,EICHERMOT,0.1
2024-04-12,MINDACORP,0.1
2024-04-12,UNIONBANK,0.1
2024-04-12,JSWENERGY,0.1
2024-04-12,NUVOCO,0.1
2024-04-12,ANANTRAJ,0.1
2024-04-19,POWERGRID,0.1
2024-04-19,WIPRO,0.1
2024-04-19,ZENSARTECH,0.1
2024-04-19,ENDURANCE,0.1
2024-04-19,MAHSCOOTER,0.1
2024-04-19,JINDALSAW,0.1
2024-04-19,CESC,0.1
2024-04-19,HDFCAMC,0.1
2024-04-19,EICHERMOT,0.1
2024-04-19,MINDACORP,0.1
2024-04-26,BHEL,0.1
2024-04-26,PATANJALI,0.1
2024-04-26,ACE,0.1
2024-04-26,ZENSARTECH,0.1
2024-04-26,BASF,0.1
2024-04-26,MAHSCOOTER,0.1
2024-04-26,AEGISVOPAK,0.1
2024-04-26,CROMPTON,0.1
2024-04-26,KIRLOSENG,0.1
2024-04-26,WIPRO,0.1
2024-05-03,POWERGRID,0.1
2024-05-03,PATANJALI,0.1
2024-05-03,BASF,0.1
2024-05-03,ACE,0.1
2024-05-03,CONCORDBIO,0.1
2024-05-03,CAMPUS,0.1
2024-05-03,POLYCAB,0.1
2024-05-03,AIAENG,0.1
2024-05-03,JKCEMENT,0.1
2024-05-03,ACC,0.1
2024-05-10,ENDURANCE,0.1
2024-05-10,ACE,0.1
2024-05-10,OLAELEC,0.1
2024-05-10,CONCORDBIO,0.1
2024-05-10,DALBHARAT,0.1
2024-05-10,PATANJALI,0.1
2024-05-10,RELIANCE,0.1
2024-05-10,JKCEMENT,0.1
2024-05-10,SONATSOFTW,0.1
2024-05-10,HYUNDAI,0.1
2024-05-17,JPPOWER,0.1
2024-05-17,NCC,0.1
2024-05-17,ABB,0.1
2024-05-17,ENDURANCE,0.1
2024-05-17,UNIONBANK,0.1
2024-05-17,ADANIPORTS,0.1
2024-05-17,SAIL,0.1
2024-05-17,RBLBANK,0.1
2024-05-17,AEGISVOPAK,0.1
2024-05-17,LAURUSLABS,0.1
2024-05-24,BHEL,0.1
2024-05-24,JPPOWER,0.1
2024-05-24,TRIDENT,0.1
2024-05-24,SAIL,0.1
2024-05-24,RBLBANK,0.1
2024-05-24,AEGISVOPAK,0.1
2024-05-24,LAURUSLABS,0.1
2024-05-24,M&M,0.1
2024-05-24,ENDURANCE,0.1
2024-05-24,POWERGRID,0.1
2024-05-31,JPPOWER,0.1
2024-05-31,SAIL,0.1
2024-05-31,CHOLAHLDNG,0.1
2024-05-31,TRITURBINE,0.1
2024-05-31,EICHERMOT,0.1
2024-05-31,ASAHIINDIA,0.1
2024-05-31,GMDCLTD,0.1
2024-05-31,M&M,0.1
2024-05-31,BHEL,0.1
2024-05-31,LAURUSLABS,0.1
2024-06-07,NATIONALUM,0.1
2024-06-07,HEXT,0.1
2024-06-07,SAIL,0.1
2024-06-07,ACE,0.1
2024-06-07,DALBHARAT,0.1
2024-06-07,EICHERMOT,0.1
2024-06-07,WHIRLPOOL,0.1
2024-06-07,UCOBANK,0.1
2024-06-07,ASAHIINDIA,0.1
2024-06-07,POWERGRID,0.1
2024-06-14,GRANULES,0.1
2024-06-14,MANAPPURAM,0.1
2024-06-14,ACE,0.1
2024-06-14,WHIRLPOOL,0.1
2024-06-14,RBLBANK,0.1
2024-06-14,ZFCVINDIA,0.1
2024-06-14,JPPOWER,0.1
2024-06-14,ADANIPOWER,0.1
2024-06-14,SAIL,0.1
2024-06-14,UNIONBANK,0.1
2024-06-21,JUBLINGREA,0.1
2024-06-21,KIMS,0.1
2024-06-21,ACE,0.1
2024-06-21,NCC,0.1
2024-06-21,PRAJIND,0.1
2024-06-21,DATAPATTNS,0.1
2024-06-21,ADANIPORTS,0.1
2024-06-21,MANAPPURAM,0.1
2024-06-21,TATAINVEST,0.1
2024-06-21,ADANIPOWER,0.1
2024-06-28,ACE,0.1
2024-06-28,M&M,0.1
2024-06-28,NCC,0.1
2024-06-28,TATAINVEST,0.1
2024-06-28,PRAJIND,0.1
2024-06-28,DALBHARAT,0.1
2024-06-28,KIMS,0.1
2024-06-28,AEGISVOPAK,0.1
2024-06-28,JUBLINGREA,0.1
2024-06-28,ADANIPOWER,0.1
2024-07-05,PRAJIND,0.1
2024-07-05,DALBHARAT,0.1
2024-07-05,AEGISVOPAK,0.1
2024-07-05,UBL,0.1
2024-07-05,CHALET,0.1
2024-07-05,AADHARHFC,0.1
2024-07-05,TATAINVEST,0.1
2024-07-05,BAJAJFINSV,0.1
2024-07-05,POWERGRID,0.1
2024-07-05,NIACL,0.1
2024-07-12,NATIONALUM,0.1
2024-07-12,UBL,0.1
2024-07-12,CRAFTSMAN,0.1
2024-07-12,BAJAJFINSV,0.1
2024-07-12,DALBHARAT,0.1
2024-07-12,KIMS,0.1
2024-07-12,ACE,0.1
2024-07-12,AEGISVOPAK,0.1
2024-07-12,POWERGRID,0.1
2024-07-12,M&M,0.1
2024-07-19,DALBHARAT,0.1
2024-07-19,UNIONBANK,0.1
2024-07-19,NATIONALUM,0.1
2024-07-19,AEGISVOPAK,0.1
2024-07-19,CRAFTSMAN,0.1
2024-07-19,POWERGRID,0.1
2024-07-19,KARURVYSYA,0.1
2024-07-19,ASTRAL,0.1
2024-07-19,RBLBANK,0.1
2024-07-19,3MINDIA,0.1
2024-07-26,UNIONBANK,0.1
2024-07-26,DALBHARAT,0.1
2024-07-26,GMRAIRPORT,0.1
2024-07-26,RBLBANK,0.1
2024-07-26,SAIL,0.1
2024-07-26,MAHSCOOTER,0.1
2024-07-26,BAJAJFINSV,0.1
2024-07-26,ADANIPOWER,0.1
2024-07-26,POWERGRID,0.1
2024-07-26,PRAJIND,0.1
2024-08-02,AUBANK,0.1
2024-08-02,ZENSARTECH,0.1
2024-08-02,MAHSCOOTER,0.1
2024-08-02,UNIONBANK,0.1
2024-08-02,RBLBANK,0.1
2024-08-02,BAJAJFINSV,0.1
2024-08-02,IIFL,0.1
2024-08-02,GMRAIRPORT,0.1
2024-08-02,GODREJCP,0.1
2024-08-02,AADHARHFC,0.1
2024-08-09,AEGISVOPAK,0.1
2024-08-09,CAMPUS,0.1
2024-08-09,ZENSARTECH,0.1
2024-08-09,PATANJALI,0.1
2024-08-09,ZFCVINDIA,0.1
2024-08-09,MANAPPURAM,0.1
2024-08-09,CONCORDBIO,0.1
2024-08-09,UNIONBANK,0.1
2024-08-09,POWERGRID,0.1
2024-08-09,RELINFRA,0.1
2024-08-16,UCOBANK,0.1
2024-08-16,NIACL,0.1
2024-08-16,JPPOWER,0.1
2024-08-16,GODREJCP,0.1
2024-08-16,AEGISVOPAK,0.1
2024-08-16,ZENSARTECH,0.1
2024-08-16,ZFCVINDIA,0.1
2024-08-16,OLAELEC,0.1
2024-08-16,RBLBANK,0.1
2024-08-16,CASTROLIND,0.1
2024-08-23,GMDCLTD,0.1
2024-08-23,BANDHANBNK,0.1
2024-08-23,ASTRAL,0.1
2024-08-23,NIACL,0.1
2024-08-23,CREDITACC,0.1
2024-08-23,OLAELEC,0.1
2024-08-23,MAHSCOOTER,0.1
2024-08-23,ACMESOLAR,0.1
2024-08-23,POLYMED,0.1
2024-08-23,ASTRAZEN,0.1
2024-08-30,GMDCLTD,0.1
2024-08-30,ACE,0.1
2024-08-30,ASTRAL,0.1
2024-08-30,POLYMED,0.1
2024-08-30,RRKABEL,0.1
2024-08-30,AUBANK,0.1
2024-08-30,ADANIPORTS,0.1
2024-08-30,BHEL,0.1
2024-08-30,PRAJIND,0.1
2024-08-30,INOXWIND,0.1
2024-09-06,AUBANK,0.1
2024-09-06,SAILIFE,0.1
2024-09-06,ACE,0.1
2024-09-06,GAIL,0.1
2024-09-06,POWERGRID,0.1
2024-09-06,ADANIPORTS,0.1
2024-09-06,TEJASNET,0.1
2024-09-06,ENDURANCE,0.1
2024-09-06,FIVESTAR,0.1
2024-09-06,KIMS,0.1
2024-09-13,UCOBANK,0.1
2024-09-13,EIHOTEL,0.1
2024-09-13,GAIL,0.1
2024-09-13,ADANIPORTS,0.1
2024-09-13,INOXWIND,0.1
2024-09-13,TEJASNET,0.1
2024-09-13,KIMS,0.1
2024-09-13,ZENSARTECH,0.1
2024-09-13,INDUSTOWER,0.1
2024-09-13,VIJAYA,0.1
2024-09-20,BLUEJET,0.1
2024-09-20,NCC,0.1
2024-09-20,GAIL,0.1
2024-09-20,RVNL,0.1
2024-09-20,INDUSTOWER,0.1
2024-09-20,INOXWIND,0.1
2024-09-20,TATACONSUM,0.1
2024-09-20,ZENSARTECH,0.1
2024-09-20,CAMPUS,0.1
2024-09-20,ANANTRAJ,0.1
2024-09-27,BLUEJET,0.1
2024-09-27,NCC,0.1
2024-09-27,TEJASNET,0.1
2024-09-27,BAJAJHLDNG,0.1
2024-09-27,INDUSTOWER,0.1
2024-09-27,RVNL,0.1
2024-09-27,SAILIFE,0.1
2024-09-27,DCMSHRIRAM,0.1
2024-09-27,HEXT,0.1
2024-09-27,SCHNEIDER,0.1
2024-10-04,BLUEJET,0.1
2024-10-04,GSPL,0.1
2024-10-04,BANDHANBNK,0.1
2024-10-04,GMDCLTD,0.1
2024-10-04,KEI,0.1
2024-10-04,HEXT,0.1
2024-10-04,AIAENG,0.1
2024-10-04,CAMPUS,0.1
2024-10-04,INDUSTOWER,0.1
2024-10-04,MMTC,0.1
2024-10-11,EIHOTEL,0.1
2024-10-11,GSPL,0.1
2024-10-11,CASTROLIND,0.1
2024-10-11,KEI,0.1
2024-10-11,NHPC,0.1
2024-10-11,BLUEJET,0.1
2024-10-11,RPOWER,0.1
2024-10-11,SAILIFE,0.1
2024-10-11,HEXT,0.1
2024-10-11,WELCORP,0.1
2024-10-18,BHEL,0.1
2024-10-18,EIHOTEL,0.1
2024-10-18,BLUEJET,0.1
2024-10-18,GSPL,0.1
2024-10-18,APLLTD,0.1
2024-10-18,NHPC,0.1
2024-10-18,TATAMOTORS,0.1
2024-10-18,ZENSARTECH,0.1
2024-10-18,APTUS,0.1
2024-10-18,RAINBOW,0.1
2024-10-25,BHEL,0.1
2024-10-25,SCHNEIDER,0.1
2024-10-25,IREDA,0.1
2024-10-25,APLLTD,0.1
2024-10-25,VGUARD,0.1
2024-10-25,APTUS,0.1
2024-10-25,RELINFRA,0.1
2024-10-25,MANYAVAR,0.1
2024-10-25,BRITANNIA,0.1
2024-10-25,LTF,0.1
2024-11-01,APTUS,0.1
2024-11-01,TEJASNET,0.1
2024-11-01,TCS,0.1
2024-11-01,CENTURYPLY,0.1
2024-11-01,CASTROLIND,0.1
2024-11-01,SAILIFE,0.1
2024-11-01,IOB,0.1
2024-11-01,NATIONALUM,0.1
2024-11-01,KIMS,0.1
2024-11-01,VGUARD,0.1
2024-11-08,MGL,0.1
2024-11-08,CRAFTSMAN,0.1
2024-11-08,IOB,0.1
2024-11-08,RPOWER,0.1
2024-11-08,MANAPPURAM,0.1
2024-11-08,BHEL,0.1
2024-11-08,TRIDENT,0.1
2024-11-08,CGPOWER,0.1
2024-11-08,TEJASNET,0.1
2024-11-08,CASTROLIND,0.1
2024-11-15,MGL,0.1
2024-11-15,RPOWER,0.1
2024-11-15,ZENSARTECH,0.1
2024-11-15,TRIDENT,0.1
2024-11-15,NIACL,0.1
2024-11-15,ENGINERSIN,0.1
2024-11-15,TATAINVEST,0.1
2024-11-15,CHOICEIN,0.1
2024-11-15,PERSISTENT,0.1
2024-11-15,IOB,0.1
2024-11-22,CREDITACC,0.1
2024-11-22,GLAXO,0.1
2024-11-22,HEG,0.1
2024-11-22,GRANULES,0.1
2024-11-22,ZENSARTECH,0.1
2024-11-22,UNIONBANK,0.1
2024-11-22,NIACL,0.1
2024-11-22,RPOWER,0.1
2024-11-22,CGPOWER,0.1
2024-11-22,BAJAJFINSV,0.1
2024-11-29,SCHNEIDER,0.1
2024-11-29,IFCI,0.1
2024-11-29,ZENSARTECH,0.1
2024-11-29,CREDITACC,0.1
2024-11-29,UNIONBANK,0.1
2024-11-29,PRAJIND,0.1
2024-11-29,TCS,0.1
2024-11-29,GSPL,0.1
2024-11-29,BANDHANBNK,0.1
2024-11-29,EIHOTEL,0.1
2024-12-06,UNIONBANK,0.1
2024-12-06,ASTRAL,0.1
2024-12-06,BAJAJFINSV,0.1
2024-12-06,AWL,0.1
2024-12-06,EIHOTEL,0.1
2024-12-06,MGL,0.1
2024-12-06,GSPL,0.1
2024-12-06,FIVESTAR,0.1
2024-12-06,ICICIPRULI,0.1
2024-12-06,IIFL,0.1
2024-12-13,BLUEJET,0.1
2024-12-13,RAINBOW,0.1
2024-12-13,MGL,0.1
2024-12-13,NTPC,0.1
2024-12-13,ICICIPRULI,0.1
2024-12-13,IFCI,0.1
2024-12-13,NCC,0.1
2024-12-13,CONCORDBIO,0.1
2024-12-13,AEGISLOG,0.1
2024-12-13,HDFCBANK,0.1
2024-12-20,RAINBOW,0.1
2024-12-20,ONESOURCE,0.1
2024-12-20,MGL,0.1
2024-12-20,CAMPUS,0.1
2024-12-20,KOTAKBANK,0.1
2024-12-20,IREDA,0.1
2024-12-20,DABUR,0.1
2024-12-20,HDFCBANK,0.1
2024-12-20,KPIL,0.1
2024-12-20,KARURVYSYA,0.1
2024-12-27,SBIN,0.1
2024-12-27,MANYAVAR,0.1
2024-12-27,RAINBOW,0.1
2024-12-27,SAILIFE,0.1
2024-12-27,MGL,0.1
2024-12-27,ONESOURCE,0.1
2024-12-27,ENGINERSIN,0.1
2024-12-27,WELSPUNLIV,0.1
2024-12-27,ITC,0.1
2024-12-27,ENDURANCE,0.1
2025-01-03,EIHOTEL,0.1
2025-01-03,BHEL,0.1
2025-01-03,ONESOURCE,0.1
2025-01-03,ASTRAL,0.1
2025-01-03,MANYAVAR,0.1
2025-01-03,NMDC,0.1
2025-01-03,SAREGAMA,0.1
2025-01-03,MGL,0.1
2025-01-03,HONAUT,0.1
2025-01-03,GLAXO,0.1
2025-01-10,TEJASNET,0.1
2025-01-10,CREDITACC,0.1
2025-01-10,HONASA,0.1
2025-01-10,AEGISLOG,0.1
2025-01-10,MGL,0.1
2025-01-10,GLAXO,0.1
2025-01-10,BHEL,0.1
2025-01-10,ASTRAL,0.1
2025-01-10,MARICO,0.1
2025-01-10,NCC,0.1
2025-01-17,GSPL,0.1
2025-01-17,MGL,0.1
2025-01-17,GPIL,0.1
2025-01-17,GVT&D,0.1
2025-01-17,NAVINFLUOR,0.1
2025-01-17,WELSPUNLIV,0.1
2025-01-17,MAHSCOOTER,0.1
2025-01-17,HONASA,0.1
2025-01-17,NCC,0.1
2025-01-17,BHEL,0.1
2025-01-24,TEJASNET,0.1
2025-01-24,CHOICEIN,0.1
2025-01-24,ZENSARTECH,0.1
2025-01-24,GPIL,0.1
2025-01-24,BLUEJET,0.1
2025-01-24,WELSPUNLIV,0.1
2025-01-24,MGL,0.1
2025-01-24,GSPL,0.1
2025-01-24,GVT&D,0.1
2025-01-24,MAHSCOOTER,0.1
2025-01-31,JYOTICNC,0.1
2025-01-31,CHOICEIN,0.1
2025-01-31,GPIL,0.1
2025-01-31,ZENSARTECH,0.1
2025-01-31,WELSPUNLIV,0.1
2025-01-31,NATIONALUM,0.1
2025-01-31,MGL,0.1
2025-01-31,BAJAJFINSV,0.1
2025-01-31,TEJASNET,0.1
2025-01-31,BLUEJET,0.1
2025-02-07,INDGN,0.1
2025-02-07,HONASA,0.1
2025-02-07,RVNL,0.1
2025-02-07,CLEAN,0.1
2025-02-07,MAHSCOOTER,0.1
2025-02-07,WELSPUNLIV,0.1
2025-02-07,MGL,0.1
2025-02-07,NATIONALUM,0.1
2025-02-07,ASTRAL,0.1
2025-02-07,ONESOURCE,0.1
2025-02-14,CLEAN,0.1
2025-02-14,MAHSCOOTER,0.1
2025-02-14,BLUEJET,0.1
2025-02-14,HONASA,0.1
2025-02-14,INDGN,0.1
2025-02-14,WELSPUNLIV,0.1
2025-02-14,SARDAEN,0.1
2025-02-14,OLECTRA,0.1
2025-02-14,BAJAJHLDNG,0.1
2025-02-14,BHEL,0.1
2025-02-21,BHEL,0.1
2025-02-21,SARDAEN,0.1
2025-02-21,GRSE,0.1
2025-02-21,CLEAN,0.1
2025-02-21,OLECTRA,0.1
2025-02-21,NUVAMA,0.1
2025-02-21,IRFC,0.1
2025-02-21,MAHSCOOTER,0.1
2025-02-21,WELSPUNLIV,0.1
2025-02-21,RVNL,0.1
2025-02-28,MAHSCOOTER,0.1
2025-02-28,CHOICEIN,0.1
2025-02-28,OLECTRA,0.1
2025-02-28,ABB,0.1
2025-02-28,OLAELEC,0.1
2025-02-28,KIRLOSBROS,0.1
2025-02-28,ONESOURCE,0.1
2025-02-28,CLEAN,0.1
2025-02-28,HONASA,0.1
2025-02-28,LTTS,0.1
2025-03-07,GLAXO,0.1
2025-03-07,BANDHANBNK,0.1
2025-03-07,CHOICEIN,0.1
2025-03-07,LICI,0.1
2025-03-07,ARE&M,0.1
2025-03-07,ONESOURCE,0.1
2025-03-07,IIFL,0.1
2025-03-07,SCHNEIDER,0.1
2025-03-07,OLECTRA,0.1
2025-03-07,JUBLFOOD,0.1
2025-03-14,BANDHANBNK,0.1
2025-03-14,GLAXO,0.1
2025-03-14,LICI,0.1
2025-03-14,NIACL,0.1
2025-03-14,SCHNEIDER,0.1
2025-03-14,IIFL,0.1
2025-03-14,NUVAMA,0.1
2025-03-14,NCC,0.1
2025-03-14,GRSE,0.1
2025-03-14,GESHIP,0.1
2025-03-21,GLAXO,0.1
2025-03-21,LICI,0.1
2025-03-21,NIACL,0.1
2025-03-21,GRSE,0.1
2025-03-21,CASTROLIND,0.1
2025-03-21,SAREGAMA,0.1
2025-03-21,KOTAKBANK,0.1
2025-03-21,PAYTM,0.1
2025-03-21,ICICIPRULI,0.1
2025-03-21,NIVABUPA,0.1
2025-03-28,GLAXO,0.1
2025-03-28,NIACL,0.1
2025-03-28,SAMMAANCAP,0.1
2025-03-28,GRSE,0.1
2025-03-28,GRANULES,0.1
2025-03-28,DELHIVERY,0.1
2025-03-28,JYOTICNC,0.1
2025-03-28,KOTAKBANK,0.1
2025-03-28,BAJFINANCE,0.1
2025-03-28,SAREGAMA,0.1
2025-04-04,ARE&M,0.1
2025-04-04,NIACL,0.1
2025-04-04,RAILTEL,0.1
2025-04-04,GPIL,0.1
2025-04-04,BALKRISIND,0.1
2025-04-04,BAJAJHLDNG,0.1
2025-04-04,BLUEJET,0.1
2025-04-04,BAYERCROP,0.1
2025-04-04,GRANULES,0.1
2025-04-04,BAJFINANCE,0.1
2025-04-11,CHOICEIN,0.1
2025-04-11,GVT&D,0.1
2025-04-11,MANAPPURAM,0.1
2025-04-11,BLUEJET,0.1
2025-04-11,MAHSCOOTER,0.1
2025-04-11,AJANTPHARM,0.1
2025-04-11,ZENSARTECH,0.1
2025-04-11,NIVABUPA,0.1
2025-04-11,HDFCBANK,0.1
2025-04-11,BAYERCROP,0.1
2025-04-18,ZENSARTECH,0.1
2025-04-18,GVT&D,0.1
2025-04-18,BLUEJET,0.1
2025-04-18,CHOICEIN,0.1
2025-04-18,NAVA,0.1
2025-04-18,JIOFIN,0.1
2025-04-18,HONASA,0.1
2025-04-18,CENTURYPLY,0.1
2025-04-18,KIMS,0.1
2025-04-18,OLECTRA,0.1
2025-04-25,HONASA,0.1
2025-04-25,CUB,0.1
2025-04-25,GLAXO,0.1
2025-04-25,PAYTM,0.1
2025-04-25,BANDHANBNK,0.1
2025-04-25,NIACL,0.1
2025-04-25,CHOICEIN,0.1
2025-04-25,GVT&D,0.1
2025-04-25,MAHSCOOTER,0.1
2025-04-25,FIVESTAR,0.1
2025-05-02,HONASA,0.1
2025-05-02,PAYTM,0.1
2025-05-02,ONESOURCE,0.1
2025-05-02,GRANULES,0.1
2025-05-02,CHOICEIN,0.1
2025-05-02,NIACL,0.1
2025-05-02,LICI,0.1
2025-05-02,HDFCBANK,0.1
2025-05-02,ABB,0.1
2025-05-02,FIVESTAR,0.1
2025-05-09,ONESOURCE,0.1
2025-05-09,INOXINDIA,0.1
2025-05-09,ABB,0.1
2025-05-09,CHOICEIN,0.1
2025-05-09,GESHIP,0.1
2025-05-09,LICI,0.1
2025-05-09,CLEAN,0.1
2025-05-09,RAILTEL,0.1
2025-05-09,GRSE,0.1
2025-05-09,PAYTM,0.1
2025-05-16,WOCKPHARMA,0.1
2025-05-16,ONESOURCE,0.1
2025-05-16,HONASA,0.1
2025-05-16,GRSE,0.1
2025-05-16,MAPMYINDIA,0.1
2025-05-16,GESHIP,0.1
2025-05-16,BLUEJET,0.1
2025-05-16,INOXINDIA,0.1
2025-05-16,INDUSINDBK,0.1
2025-05-16,DUMMYDBRLT,0.1
2025-05-23,BERGEPAINT,0.1
2025-05-23,HONASA,0.1
2025-05-23,MAPMYINDIA,0.1
2025-05-23,GESHIP,0.1
2025-05-23,BHEL,0.1
2025-05-23,OLAELEC,0.1
2025-05-23,KAJARIACER,0.1
2025-05-23,GRANULES,0.1
2025-05-23,DOMS,0.1
2025-05-23,ASAHIINDIA,0.1
2025-05-30,BHEL,0.1
2025-05-30,INDGN,0.1
2025-05-30,HONASA,0.1
2025-05-30,DOMS,0.1
2025-05-30,JYOTICNC,0.1
2025-05-30,CENTURYPLY,0.1
2025-05-30,BERGEPAINT,0.1
2025-05-30,CAMPUS,0.1
2025-05-30,ASAHIINDIA,0.1
2025-05-30,KOTAKBANK,0.1
2025-06-06,BHEL,0.1
2025-06-06,INDGN,0.1
2025-06-06,DOMS,0.1
2025-06-06,CENTURYPLY,0.1
2025-06-06,MAHABANK,0.1
2025-06-06,MAPMYINDIA,0.1
2025-06-06,UNOMINDA,0.1
2025-06-06,CAMPUS,0.1
2025-06-06,ACE,0.1
2025-06-06,GRANULES,0.1
2025-06-13,CENTURYPLY,0.1
2025-06-13,GLAXO,0.1
2025-06-13,GESHIP,0.1
2025-06-13,PIDILITIND,0.1
2025-06-13,REDINGTON,0.1
2025-06-13,ACE,0.1
2025-06-13,CAMPUS,0.1
2025-06-13,CAPLIPOINT,0.1
2025-06-13,POLYMED,0.1
2025-06-13,HFCL,0.1
2025-06-20,GESHIP,0.1
2025-06-20,CENTURYPLY,0.1
2025-06-20,PIDILITIND,0.1
2025-06-20,ZENSARTECH,0.1
2025-06-20,PCBL,0.1
2025-06-20,MAPMYINDIA,0.1
2025-06-20,JIOFIN,0.1
2025-06-20,ITC,0.1
2025-06-20,GLAXO,0.1
2025-06-20,APARINDS,0.1
2025-06-27,ABB,0.1
2025-06-27,GLAXO,0.1
2025-06-27,GESHIP,0.1
2025-06-27,ECLERX,0.1
2025-06-27,ZENSARTECH,0.1
2025-06-27,MGL,0.1
2025-06-27,CENTURYPLY,0.1
2025-06-27,PIDILITIND,0.1
2025-06-27,PRAJIND,0.1
2025-06-27,DOMS,0.1
2025-07-04,MAHSCOOTER,0.1
2025-07-04,BAYERCROP,0.1
2025-07-04,RECLTD,0.1
2025-07-04,GLAXO,0.1
2025-07-04,NUVAMA,0.1
2025-07-04,ZENSARTECH,0.1
2025-07-04,MGL,0.1
2025-07-04,GESHIP,0.1
2025-07-04,ASAHIINDIA,0.1
2025-07-04,APARINDS,0.1
2025-07-11,BHEL,0.1
2025-07-11,ZENSARTECH,0.1
2025-07-11,TORNTPHARM,0.1
2025-07-11,MANAPPURAM,0.1
2025-07-11,SJVN,0.1
2025-07-11,SAGILITY,0.1
2025-07-11,CUB,0.1
2025-07-11,DOMS,0.1
2025-07-11,CREDITACC,0.1
2025-07-11,NUVAMA,0.1
2025-07-18,MAHSCOOTER,0.1
2025-07-18,RVNL,0.1
2025-07-18,TIMKEN,0.1
2025-07-18,DATAPATTNS,0.1
2025-07-18,ARE&M,0.1
2025-07-18,BAYERCROP,0.1
2025-07-18,SBFC,0.1
2025-07-18,IPCALAB,0.1
2025-07-18,ACE,0.1
2025-07-18,VBL,0.1
2025-07-25,ARE&M,0.1
2025-07-25,MAHSCOOTER,0.1
2025-07-25,ZENSARTECH,0.1
2025-07-25,INDGN,0.1
2025-07-25,HONASA,0.1
2025-07-25,PAYTM,0.1
2025-07-25,NBCC,0.1
2025-07-25,COCHINSHIP,0.1
2025-07-25,GLAXO,0.1
2025-07-25,BANDHANBNK,0.1
2025-08-01,ZENSARTECH,0.1
2025-08-01,BAYERCROP,0.1
2025-08-01,ARE&M,0.1
2025-08-01,GODREJPROP,0.1
2025-08-01,KFINTECH,0.1
2025-08-01,RVNL,0.1
2025-08-01,KAJARIACER,0.1
2025-08-01,HONASA,0.1
2025-08-01,KOTAKBANK,0.1
2025-08-01,RAINBOW,0.1
2025-08-08,HONASA,0.1
2025-08-08,ARE&M,0.1
2025-08-08,GODREJPROP,0.1
2025-08-08,BAJAJ-AUTO,0.1
2025-08-08,ITC,0.1
2025-08-08,RAINBOW,0.1
2025-08-08,KFINTECH,0.1
2025-08-08,TORNTPHARM,0.1
2025-08-08,KOTAKBANK,0.1
2025-08-08,SAIL,0.1
2025-08-15,HONASA,0.1
2025-08-15,TORNTPHARM,0.1
2025-08-15,GODREJPROP,0.1
2025-08-15,BAYERCROP,0.1
2025-08-15,BAJAJ-AUTO,0.1
2025-08-15,CLEAN,0.1
2025-08-15,PHOENIXLTD,0.1
2025-08-15,ACE,0.1
2025-08-15,LUPIN,0.1
2025-08-15,KIMS,0.1
2025-08-22,BAYERCROP,0.1
2025-08-22,HDFCAMC,0.1
2025-08-22,PAYTM,0.1
2025-08-22,ZENSARTECH,0.1
2025-08-22,INDGN,0.1
2025-08-22,TVSMOTOR,0.1
2025-08-22,VGUARD,0.1
2025-08-22,DUMMYDBRLT,0.1
2025-08-22,CHOICEIN,0.1
2025-08-22,VBL,0.1
2025-08-29,PAYTM,0.1
2025-08-29,INDGN,0.1
2025-08-29,BAYERCROP,0.1
2025-08-29,OLECTRA,0.1
2025-08-29,HSCL,0.1
2025-08-29,ADANIPOWER,0.1
2025-08-29,MANAPPURAM,0.1
2025-08-29,VGUARD,0.1
2025-08-29,360ONE,0.1
2025-08-29,BLUESTARCO,0.1
2025-09-05,HONASA,0.1
2025-09-05,ABB,0.1
2025-09-05,WHIRLPOOL,0.1
2025-09-05,PRESTIGE,0.1
2025-09-05,GPIL,0.1
2025-09-05,BAYERCROP,0.1
2025-09-05,ADANIPOWER,0.1
2025-09-05,TORNTPHARM,0.1
2025-09-05,HDFCAMC,0.1
2025-09-05,ACE,0.1
2025-09-12,WELSPUNLIV,0.1
2025-09-12,MAHSCOOTER,0.1
2025-09-12,PRESTIGE,0.1
2025-09-12,DEEPAKNTR,0.1
2025-09-12,INDIANB,0.1
2025-09-12,ADANIPOWER,0.1
2025-09-12,TORNTPHARM,0.1
2025-09-12,GPIL,0.1
2025-09-12,VOLTAS,0.1
2025-09-12,PAYTM,0.1
2025-09-19,MAPMYINDIA,0.1
2025-09-19,WELSPUNLIV,0.1
2025-09-19,ABB,0.1
2025-09-19,ACC,0.1
2025-09-19,PRESTIGE,0.1
2025-09-19,TORNTPHARM,0.1
2025-09-19,ADANIPOWER,0.1
2025-09-19,JBMA,0.1
2025-09-19,MAHSCOOTER,0.1
2025-09-19,INDIANB,0.1
2025-09-26,WELSPUNLIV,0.1
2025-09-26,MAPMYINDIA,0.1
2025-09-26,HSCL,0.1
2025-09-26,THERMAX,0.1
2025-09-26,VGUARD,0.1
2025-09-26,INOXINDIA,0.1
2025-09-26,KIRLOSBROS,0.1
2025-09-26,ADANIPOWER,0.1
2025-09-26,INDIANB,0.1
2025-09-26,IFCI,0.1
